test case,benchmark name,samples,iterations,estimated,mean,low mean,high mean,std dev,low std dev,high std dev,tags,raw
benchmark intrusive graph dependency handling with N nodes - 1,creating nodes,100,5535,2214000,4.4943,4.4796,4.5319,0.1047,0.0049,0.1943,"benchmark,group:graph-nodes","4.4817,4.4797,4.4869,4.4815,4.4797,4.4815,4.4688,4.4799,4.4815,4.4815,4.4797,4.4815,4.4815,4.4688,4.4797,4.4799,4.4797,4.4815,4.4815,4.4815,4.4688,4.4797,4.4815,4.4797,4.4815,4.4797,5.3160,4.4815,4.4688,4.4833,4.4815,4.4815,4.4833,4.4833,4.4815,4.4670,4.4833,4.4815,4.4815,4.4815,4.4815,4.4833,4.4670,4.4833,4.4833,4.4835,4.4833,4.4815,4.4815,4.4670,4.4833,4.4797,4.4835,4.4815,4.4815,4.4833,4.4670,4.4815,4.4833,4.4833,4.4815,4.4815,4.4833,4.4688,4.4815,4.4815,5.1241,4.4815,4.4815,4.4797,4.4815,4.4670,4.4797,4.4815,4.4797,4.4797,4.4817,4.4761,4.4706,4.4815,4.4797,4.4797,4.4815,4.4797,4.4724,4.4743,4.4815,4.4815,4.4815,4.4815,4.4815,4.4670,4.4797,4.4815,4.4815,4.4815,4.4797,4.4815,4.4688,4.4815"
benchmark intrusive graph dependency handling with N nodes - 1,creating and adding dependencies,100,1117,2457400,20.9417,20.7215,21.8260,1.8674,0.0876,4.3418,"benchmark,group:graph-nodes","20.7896,20.8353,20.8711,20.6822,20.5649,20.8075,20.6813,20.7905,20.6455,20.7269,20.7359,20.6553,20.7180,20.8165,20.7538,20.7359,20.6097,20.6464,20.6195,20.6553,20.8254,20.6106,20.6732,20.7180,20.7180,25.3554,20.7628,20.7180,20.6553,20.8433,20.6106,20.7717,20.6007,20.6007,20.6016,20.6106,20.5380,20.8174,20.6186,20.6822,20.6822,20.6732,20.6016,20.5748,20.5560,20.7986,20.6822,20.7807,20.7905,20.6813,20.8254,20.6553,20.6097,20.5927,20.7628,20.7269,20.7180,20.6911,20.8254,20.7717,20.7269,20.7269,20.6544,20.7180,20.8084,20.7180,20.7090,20.5291,38.9266,20.8344,20.7090,20.7090,20.8344,20.6464,20.8344,20.6553,20.7717,20.7180,20.7628,20.8263,20.7180,20.7717,20.6276,20.8344,20.7628,20.7807,20.8075,20.7449,20.8344,20.5291,20.7090,20.7180,20.7269,20.7717,20.6374,20.7269,20.6553,20.8344,20.8075,20.6822"
benchmark intrusive graph dependency handling with N nodes - 1,adding and removing dependencies,100,1577,2365500,15.5216,15.4788,15.6290,0.3018,0.0121,0.5507,"benchmark,group:graph-nodes","15.4819,15.4559,15.5067,15.4756,15.4496,15.4813,15.4819,15.4876,15.4756,15.4876,15.4496,15.4819,15.4876,15.4756,15.4813,15.4750,15.4756,15.4623,15.4819,15.4813,15.4876,15.4819,15.4876,15.4502,15.4813,15.4876,15.4883,15.4750,15.4883,17.6798,15.4496,15.4813,15.4819,15.4876,15.4819,15.4876,15.4559,15.4819,15.4876,15.4756,15.4813,15.4813,15.4876,15.4496,15.4819,15.4876,15.4813,15.4813,15.4876,15.4566,15.4876,15.4819,15.4813,15.4876,15.4756,15.4623,15.4756,15.4813,15.4813,15.4883,15.4813,15.4883,15.4559,15.4813,15.4819,15.4876,15.4756,15.4813,15.4559,15.4819,17.5840,15.4750,15.4876,15.4883,15.4876,15.4559,15.4876,15.4813,15.4819,15.4813,15.4819,15.4813,15.4496,15.4883,15.4813,15.4883,15.4750,15.4813,15.4566,15.4813,15.4883,15.4940,15.4876,15.4883,15.4496,15.4883,15.4813,15.4813,15.4750,15.4876"
benchmark intrusive graph dependency handling with N nodes - 1,checking for dependencies,100,18519,1851900,1.2134,1.2074,1.2287,0.0425,0.0004,0.0769,"benchmark,group:graph-nodes","1.2074,1.2075,1.2102,1.2074,1.2075,1.2074,1.2075,1.2074,1.2075,1.2069,1.2069,1.2069,1.2069,1.2074,1.2075,1.2074,1.2075,1.2074,1.2075,1.2074,1.2075,1.2074,1.2075,1.2074,1.2075,1.2069,1.2069,1.2069,1.2069,1.2069,1.2075,1.2074,1.2075,1.2074,1.2075,1.2074,1.2075,1.2074,1.2075,1.2074,1.2075,1.2074,1.2069,1.2069,1.4974,1.2079,1.2075,1.2074,1.2075,1.2074,1.2075,1.2074,1.2075,1.2074,1.2075,1.2074,1.2075,1.2074,1.2069,1.2069,1.2069,1.2074,1.2075,1.2074,1.2075,1.2074,1.2075,1.2074,1.2075,1.2074,1.2075,1.2074,1.2074,1.2074,1.2069,1.2069,1.2069,1.2069,1.2069,1.2074,1.2074,1.2074,1.2074,1.2074,1.2074,1.2074,1.2074,1.2074,1.2074,1.5234,1.2074,1.2075,1.2074,1.2075,1.2069,1.2069,1.2074,1.2075,1.2074,1.2075"
benchmark intrusive graph dependency handling with N nodes - 10,creating nodes,100,636,2480400,39.3833,39.2203,39.7199,1.1479,0.6925,1.8003,"benchmark,group:graph-nodes","39.0016,39.0173,39.0016,39.2075,39.2374,39.2531,39.2531,39.2217,39.2390,38.8758,39.0016,39.1903,39.1289,39.0959,39.2531,39.2390,39.1274,45.4135,39.0016,39.0016,39.0173,39.0173,39.0016,39.0016,38.8758,39.0173,39.0016,39.0016,39.0173,39.0173,39.0016,38.8915,39.0016,39.0173,39.0173,39.0016,39.0173,39.0173,38.8915,39.0173,39.0173,39.0173,39.0016,39.0173,39.0173,38.8915,39.0173,39.0173,39.0330,39.0016,39.0173,39.0173,38.8915,39.0173,39.0173,39.0173,39.0016,45.8695,39.0016,39.0173,39.8538,39.9623,39.9623,39.9465,39.9465,39.9465,39.8050,38.9701,38.9387,39.8208,39.9465,39.4104,39.0330,39.0173,39.0645,39.8522,39.0802,39.7107,39.3789,39.0173,39.0173,39.0975,39.8365,39.9623,39.1761,39.6305,39.4748,39.0016,39.0173,38.9544,39.8836,39.1431,39.6792,39.4434,39.0173,39.2217,45.6824,39.0173,38.8915,39.0173"
benchmark intrusive graph dependency handling with N nodes - 10,creating and adding dependencies,100,104,2496000,232.3110,231.6427,233.9908,4.8067,0.6997,8.7132,"benchmark,group:graph-nodes","232.5385,232.3462,234.8462,232.5385,231.9615,231.3846,232.5385,230.8942,232.0577,232.3462,232.0577,231.6731,232.5385,232.1538,231.6731,232.4423,232.1442,231.4712,231.4808,266.9327,231.6731,232.0481,230.7981,232.6346,230.4231,232.2500,232.0481,231.8654,230.7115,232.8269,230.2212,231.2788,231.0000,231.9615,230.7981,232.2500,231.5769,231.9615,231.4808,231.5673,231.8558,230.9038,231.7692,230.7981,231.1923,231.8654,231.0962,232.4423,230.7019,230.9038,231.3846,232.8269,231.5673,231.1827,231.6731,231.3846,231.6731,231.0865,232.0577,231.2885,230.2212,264.2404,231.1827,231.3846,231.0000,230.9904,231.8558,230.7115,231.5769,232.4423,230.8942,230.9038,231.6731,231.7692,231.4712,231.1923,232.1538,232.0577,230.7115,230.7019,231.0962,231.3846,231.5673,232.6346,231.4808,231.0000,230.9904,231.3750,231.6731,232.5385,231.5769,231.2885,232.5288,231.9519,231.5769,231.9615,231.8654,230.7019,231.3750,232.3462"
benchmark intrusive graph dependency handling with N nodes - 10,adding and removing dependencies,100,121,2492600,191.9483,191.1074,194.0017,6.8926,3.7176,11.0938,"benchmark,group:graph-nodes","190.7603,190.7603,190.3471,190.5124,190.5868,190.5124,190.5950,190.5950,190.5124,190.5124,190.5868,232.9917,190.7603,190.8430,190.7603,190.7521,190.7521,190.7603,190.7603,190.7603,190.7603,190.7603,190.7603,190.7521,190.7521,190.7603,190.7603,190.7603,190.7603,190.7603,190.7603,190.7521,190.7521,190.7603,190.7603,190.7603,190.7603,190.7603,190.7603,190.7521,190.7521,190.7603,190.7603,190.7603,190.7603,190.7603,190.7603,190.7521,190.7521,190.7603,190.7603,190.7603,190.7603,190.7603,232.1570,190.8430,190.7603,190.7603,190.7603,190.7521,190.7521,190.7603,190.7603,190.7603,190.7603,190.7603,190.6777,190.7521,190.7521,190.7603,190.7603,190.7603,190.7603,190.7603,190.7603,190.7521,190.7521,190.7603,190.7603,190.7603,190.7603,190.7603,190.7603,190.7521,190.7521,190.7603,190.7603,190.7603,190.7603,190.7603,190.7603,190.7521,190.7521,190.7603,190.7603,190.7603,190.7603,228.0992,190.7603,190.7603"
benchmark intrusive graph dependency handling with N nodes - 10,checking for dependencies,100,1056,2428800,24.8488,24.7794,25.0128,0.5485,0.3058,0.8778,"benchmark,group:graph-nodes","24.6562,24.7699,24.8078,24.7604,28.0729,24.6373,24.7614,24.7604,24.7614,24.7708,24.7614,24.7699,24.7708,24.7708,24.7604,24.6383,24.7708,24.7604,24.7708,24.7708,24.7699,24.7708,24.7614,24.7708,24.7604,24.7424,24.6562,24.7708,24.7614,24.7604,24.7604,24.7614,24.7614,24.7699,24.7708,24.7614,24.6278,24.7708,24.7708,24.7604,24.7614,24.7708,27.9962,24.7614,24.7699,24.7708,24.7708,24.6373,24.7614,24.7614,24.7699,24.7708,24.7614,24.7699,24.7699,24.7708,24.7708,24.6941,24.6856,24.7604,24.7614,24.7708,24.7708,24.7699,24.7708,24.7614,24.7604,24.7614,24.6383,24.7699,24.7614,24.7614,24.7604,24.7708,24.7708,24.7699,24.7699,24.7614,24.6373,24.7708,27.8068,24.7614,24.7699,24.7708,24.7614,24.7604,24.7614,24.7614,24.7708,24.6373,24.7614,24.7604,24.7614,24.7614,24.7604,24.7699,24.7708,24.7708,24.7699,24.7330"
benchmark intrusive graph dependency handling with N nodes - 100,creating nodes,100,73,2511200,458.2726,441.3437,477.7756,92.8136,82.2683,103.4043,"benchmark,group:graph-nodes","602.0685,599.3288,401.6849,401.9726,394.1507,451.7808,399.2192,397.9863,397.9863,399.5068,399.6301,399.6438,396.3425,398.9452,399.6301,399.5068,397.8493,397.4384,397.3014,397.3014,398.9589,399.4932,397.7123,398.9589,399.6301,400.8767,399.7671,400.8767,399.9041,399.5068,400.8630,398.3973,397.3014,397.9863,397.1644,399.2192,397.8493,399.3562,399.6301,459.3425,401.1507,400.1781,394.2877,393.7397,401.6849,394.1507,399.7671,399.9178,399.6301,400.3288,399.6301,400.0548,401.1370,399.7808,400.3151,399.6438,399.3562,399.6438,400.1781,401.4247,400.0411,400.3288,400.1781,399.9041,399.4932,400.0548,400.3151,400.1918,400.1781,399.7671,399.7671,399.7808,399.9041,456.8767,519.0411,707.4795,597.0000,602.6164,596.0411,601.5205,601.2603,601.7945,599.6027,597.4110,603.1781,598.2329,600.9726,598.9178,603.0411,598.9178,601.5205,596.4521,601.9315,597.5342,602.9041,598.0959,687.0274,598.7808,602.2192,598.9178"
benchmark intrusive graph dependency handling with N nodes - 100,creating and adding dependencies,100,6,2564400,4191.0733,4174.4067,4229.0850,124.0196,60.6919,204.6976,"benchmark,group:graph-nodes","4170.8333,4180.8333,4252.6667,4162.6667,4159.1667,4176.0000,4184.1667,4174.1667,4192.6667,4169.1667,4159.1667,4137.5000,4156.0000,4175.8333,4962.5000,4155.8333,4167.6667,4170.8333,4177.6667,4174.3333,4144.1667,4187.6667,4174.1667,4182.6667,4181.0000,4172.5000,4176.0000,4154.1667,4177.6667,4147.5000,4166.0000,4174.1667,4182.6667,4177.6667,4155.8333,4139.1667,4186.0000,4182.6667,4185.8333,4191.0000,4187.6667,4179.3333,4170.8333,4184.3333,4176.0000,4160.8333,4169.3333,4165.8333,4161.0000,4132.5000,4162.5000,4159.3333,4149.1667,4154.1667,4755.5000,4137.5000,4150.8333,4135.8333,4164.3333,4180.8333,4174.1667,4164.3333,4174.1667,4184.3333,4162.5000,4142.5000,4194.3333,4175.8333,4194.3333,4182.6667,4170.8333,4154.3333,4140.8333,4172.5000,4189.1667,4192.6667,4179.3333,4154.1667,4167.6667,4167.5000,4157.6667,4157.5000,4169.3333,4184.1667,4167.6667,4160.8333,4199.3333,4144.3333,4174.1667,4196.0000,4192.6667,4182.6667,4182.5000,4166.0000,4932.3333,4135.8333,4154.3333,4149.1667,4167.5000,4159.3333"
benchmark intrusive graph dependency handling with N nodes - 100,adding and removing dependencies,100,6,2790000,4561.6483,4547.4167,4596.1967,109.4986,59.1267,180.8167,"benchmark,group:graph-nodes","4538.1667,4553.3333,4554.8333,4533.3333,4540.0000,4536.6667,4538.1667,4541.6667,4538.3333,4551.6667,4553.3333,4521.5000,4538.3333,4560.0000,4545.0000,4546.6667,4548.3333,4533.1667,4536.6667,4530.0000,4534.8333,4533.3333,4530.0000,5126.0000,4533.3333,4555.0000,4556.6667,4555.0000,4553.3333,4534.8333,4535.0000,4528.3333,4545.0000,4536.5000,4540.0000,4538.3333,4521.5000,4536.6667,4543.3333,4550.0000,4531.5000,4544.8333,4551.6667,4530.0000,4536.6667,4529.8333,4540.0000,4536.6667,4529.8333,4535.0000,4520.0000,4531.5000,4541.6667,4543.3333,4528.3333,4533.1667,4548.3333,4538.3333,4545.0000,4528.1667,5131.1667,4543.3333,4551.6667,4568.3333,4571.6667,4556.6667,4543.3333,4551.5000,4544.8333,4543.3333,4551.6667,4540.0000,4563.3333,4561.6667,4546.6667,4541.6667,4534.8333,4523.3333,4558.3333,4535.0000,4549.8333,4556.6667,4551.6667,4516.6667,4565.0000,4526.5000,4533.3333,4548.3333,4543.3333,4553.3333,4556.6667,4555.0000,4570.0000,4548.3333,4543.1667,4545.0000,5274.6667,4530.0000,4548.3333,4536.6667"
benchmark intrusive graph dependency handling with N nodes - 100,checking for dependencies,100,13,2540200,1955.2977,1948.6969,1970.9523,52.0511,29.3121,83.9358,"benchmark,group:graph-nodes","1938.9231,1948.1538,1949.6923,1952.0000,1950.4615,1942.7692,1947.3846,1946.6154,1947.4615,1944.3077,1933.4615,1948.2308,1945.8462,1944.3077,1947.3846,1946.6154,1945.0769,2237.9231,1948.1538,1933.5385,1944.3077,1945.8462,1945.0769,1945.0769,1946.6923,1952.7692,1954.3077,1939.6923,1948.9231,1948.1538,1948.1538,1948.1538,1947.3846,1945.8462,1942.0000,1943.5385,1950.4615,1948.9231,1948.1538,1946.6154,1947.3846,1945.0769,1936.6154,1947.3846,1946.6154,1950.4615,1948.9231,1948.1538,1950.4615,1947.3846,1935.7692,1947.4615,1949.6923,1945.8462,1948.1538,1949.6923,2244.9231,1950.4615,1947.3846,1935.8462,1950.4615,1948.9231,1951.2308,1945.8462,1946.6154,1946.6154,1945.0769,1939.6923,1942.0000,1947.3846,1944.3077,1944.3077,1947.3846,1948.1538,1946.6154,1937.3846,1946.6154,1941.2308,1943.5385,1938.9231,1947.3846,1946.6154,1942.0000,1937.3846,1946.6154,1947.3846,1948.1538,1947.4615,1950.4615,1948.9231,1948.1538,1937.3846,1950.4615,1945.8462,1947.3846,2267.2308,1950.5385,1957.3846,1951.2308,1947.3846"
benchmark task handling,generating and deleting tasks,100,1,414490900,4183488.5400,4147483.4300,4202861.3800,131760.7610,76744.3611,193238.9713,"benchmark,group:task-graph","4221343.0000,4208289.0000,3578153.0000,3573024.0000,3576450.0000,3558376.0000,3810704.0000,4201707.0000,4198600.0000,4209591.0000,4207357.0000,4195575.0000,4193942.0000,4201856.0000,4206436.0000,4205994.0000,4198029.0000,4205934.0000,4189052.0000,4216605.0000,4201916.0000,4194192.0000,4194432.0000,4192008.0000,4195134.0000,4190725.0000,4190065.0000,4196506.0000,4198420.0000,4212537.0000,4210603.0000,4198300.0000,4204662.0000,4207948.0000,4194773.0000,4202678.0000,4198731.0000,4207337.0000,4205463.0000,4242643.0000,4214931.0000,4200855.0000,4201225.0000,4222105.0000,4212116.0000,4205043.0000,4207507.0000,4212978.0000,4217817.0000,4215061.0000,4218799.0000,4210012.0000,4217927.0000,4218679.0000,4216614.0000,4216254.0000,4206195.0000,4217536.0000,4213127.0000,4207567.0000,4207327.0000,4267922.0000,4229890.0000,4227745.0000,4214020.0000,4220141.0000,4218699.0000,4226784.0000,4214520.0000,4218679.0000,4221484.0000,4219419.0000,4215322.0000,4216003.0000,4212417.0000,4222616.0000,4217726.0000,4226443.0000,4217526.0000,4217807.0000,4224850.0000,4226544.0000,4235690.0000,4223999.0000,4227685.0000,4224108.0000,4215363.0000,4218538.0000,4225070.0000,4223468.0000,4227155.0000,4225010.0000,4215042.0000,4225892.0000,4229799.0000,4223197.0000,4224639.0000,4211495.0000,4222345.0000,4218037.0000"
generating large task graphs,soup topology,100,1,83552800,839874.9400,839151.4200,840720.1800,3982.8692,3313.6969,5489.4968,"benchmark,group:task-graph","836565.0000,839630.0000,843107.0000,841424.0000,840832.0000,843587.0000,836945.0000,845491.0000,842025.0000,842626.0000,843819.0000,841293.0000,836744.0000,844089.0000,837296.0000,839150.0000,839730.0000,840301.0000,841294.0000,834400.0000,839230.0000,839961.0000,841554.0000,841705.0000,840682.0000,835372.0000,842305.0000,846644.0000,842345.0000,839830.0000,841184.0000,835071.0000,842295.0000,841093.0000,843077.0000,836374.0000,840401.0000,834460.0000,837366.0000,842155.0000,843187.0000,838899.0000,841003.0000,841394.0000,833018.0000,838087.0000,840602.0000,842206.0000,839400.0000,837687.0000,834270.0000,838238.0000,835051.0000,838738.0000,839420.0000,836505.0000,831485.0000,838759.0000,841193.0000,838799.0000,836094.0000,841424.0000,833829.0000,838508.0000,838950.0000,839620.0000,839741.0000,838027.0000,833659.0000,837847.0000,845582.0000,846323.0000,847385.0000,846733.0000,848327.0000,843127.0000,849448.0000,840452.0000,837897.0000,836845.0000,838598.0000,832718.0000,839089.0000,838559.0000,837015.0000,835322.0000,839531.0000,834150.0000,836624.0000,839920.0000,837285.0000,837937.0000,841844.0000,835061.0000,858857.0000,840723.0000,842886.0000,841815.0000,838278.0000,840071.0000"
generating large task graphs,chain topology,100,1,3057200,30523.0000,30416.4700,30751.6800,760.9848,434.9498,1199.9207,"benchmark,group:task-graph","30455.0000,30355.0000,32179.0000,30757.0000,30716.0000,30767.0000,30666.0000,30245.0000,30436.0000,30436.0000,30356.0000,30315.0000,30376.0000,30376.0000,30285.0000,34594.0000,30436.0000,30336.0000,30255.0000,30386.0000,30375.0000,30345.0000,30306.0000,30305.0000,30336.0000,30346.0000,30205.0000,30265.0000,30325.0000,30346.0000,30295.0000,30316.0000,30175.0000,30336.0000,30356.0000,30325.0000,30356.0000,30376.0000,30315.0000,30366.0000,30486.0000,30416.0000,30265.0000,30426.0000,30376.0000,30355.0000,30396.0000,30446.0000,34654.0000,30336.0000,30375.0000,30386.0000,30346.0000,30435.0000,30335.0000,30356.0000,30416.0000,30365.0000,30396.0000,30336.0000,30275.0000,30396.0000,30316.0000,30295.0000,30356.0000,30376.0000,30355.0000,30386.0000,30336.0000,30405.0000,30396.0000,30416.0000,30406.0000,30335.0000,30376.0000,30416.0000,30376.0000,30445.0000,30365.0000,30396.0000,30285.0000,34834.0000,30425.0000,30405.0000,30266.0000,30396.0000,30355.0000,30376.0000,30406.0000,30425.0000,30385.0000,30376.0000,30336.0000,30435.0000,30285.0000,30316.0000,30536.0000,30455.0000,30265.0000,30316.0000"
generating large task graphs,expanding tree topology,100,1,5384500,53963.8900,53794.2000,54248.5400,1100.3807,722.2980,1518.0435,"benchmark,group:task-graph","53639.0000,53670.0000,57497.0000,54752.0000,54021.0000,54021.0000,53740.0000,53459.0000,54001.0000,54121.0000,53740.0000,53830.0000,53580.0000,58268.0000,53981.0000,53770.0000,54000.0000,53629.0000,53520.0000,53409.0000,53870.0000,53870.0000,53690.0000,53810.0000,53440.0000,53600.0000,53880.0000,53640.0000,53299.0000,53780.0000,53480.0000,58008.0000,54381.0000,53700.0000,53971.0000,53469.0000,53469.0000,53359.0000,53770.0000,53820.0000,53770.0000,53760.0000,53409.0000,53389.0000,53690.0000,53690.0000,53800.0000,53510.0000,53329.0000,53600.0000,58809.0000,53930.0000,53900.0000,53891.0000,53479.0000,53400.0000,53770.0000,53509.0000,53500.0000,53660.0000,53480.0000,53639.0000,53900.0000,53610.0000,53670.0000,53720.0000,53419.0000,53490.0000,58038.0000,54081.0000,53599.0000,53780.0000,53549.0000,53340.0000,53780.0000,53850.0000,53680.0000,53790.0000,53279.0000,53509.0000,54021.0000,53780.0000,53700.0000,53680.0000,53239.0000,53600.0000,53910.0000,58559.0000,53971.0000,53680.0000,53770.0000,53239.0000,53951.0000,53930.0000,53560.0000,53830.0000,53419.0000,53499.0000,53470.0000,53629.0000"
generating large task graphs,contracting tree topology,100,1,7542900,75669.2600,75436.0300,76023.7000,1443.4827,1037.7382,1873.9815,"benchmark,group:task-graph","75040.0000,75261.0000,78697.0000,75442.0000,76042.0000,75371.0000,75642.0000,80060.0000,75681.0000,75421.0000,75721.0000,75301.0000,75161.0000,75191.0000,75481.0000,75351.0000,75181.0000,75271.0000,74940.0000,75301.0000,80581.0000,74870.0000,75261.0000,75121.0000,75240.0000,75060.0000,75261.0000,75271.0000,75241.0000,75110.0000,75221.0000,75301.0000,75612.0000,79869.0000,75321.0000,75201.0000,75191.0000,75200.0000,75661.0000,74760.0000,75241.0000,75141.0000,74860.0000,75401.0000,74910.0000,75141.0000,81232.0000,75080.0000,75110.0000,75141.0000,75681.0000,75080.0000,75291.0000,75050.0000,75051.0000,75110.0000,75361.0000,75010.0000,75331.0000,80611.0000,75191.0000,75080.0000,75351.0000,75001.0000,75441.0000,75091.0000,75331.0000,75090.0000,75542.0000,75140.0000,75451.0000,75060.0000,74990.0000,80732.0000,75461.0000,75040.0000,75592.0000,75151.0000,75341.0000,74820.0000,74860.0000,74960.0000,75191.0000,75241.0000,74920.0000,75391.0000,80160.0000,75201.0000,75521.0000,75120.0000,75000.0000,75140.0000,75171.0000,75150.0000,75531.0000,74960.0000,75021.0000,74850.0000,75451.0000,79449.0000"
generating large task graphs,wave_sim topology,100,1,33023000,330572.1200,329904.6500,331867.3000,4561.2733,2740.1586,8260.2866,"benchmark,group:task-graph","327579.0000,333300.0000,363006.0000,339301.0000,334402.0000,329072.0000,328340.0000,333921.0000,328411.0000,328240.0000,333901.0000,328341.0000,328290.0000,333281.0000,328451.0000,328330.0000,333511.0000,328170.0000,327519.0000,333090.0000,327980.0000,328831.0000,333159.0000,328611.0000,327679.0000,333651.0000,328481.0000,327780.0000,333150.0000,328842.0000,327920.0000,332509.0000,328150.0000,328942.0000,333270.0000,328121.0000,328040.0000,349421.0000,328471.0000,328160.0000,333431.0000,328270.0000,328141.0000,333250.0000,328421.0000,328231.0000,333159.0000,328420.0000,327909.0000,332779.0000,328791.0000,328320.0000,333230.0000,328431.0000,328271.0000,332950.0000,327930.0000,327910.0000,332408.0000,328672.0000,328100.0000,332278.0000,329082.0000,328701.0000,327679.0000,332869.0000,327860.0000,328150.0000,333361.0000,328471.0000,328411.0000,333681.0000,328461.0000,328621.0000,333140.0000,328411.0000,328100.0000,334052.0000,328361.0000,327880.0000,332959.0000,328091.0000,328010.0000,332859.0000,328622.0000,327900.0000,333019.0000,328291.0000,328481.0000,334503.0000,328110.0000,327860.0000,333951.0000,328722.0000,328651.0000,333491.0000,328461.0000,328982.0000,333911.0000,328121.0000"
generating large task graphs,jacobi topology,100,1,9958200,101041.5500,100786.5700,101408.7200,1541.3914,1158.2501,1920.7566,"benchmark,group:task-graph","100509.0000,100538.0000,104487.0000,100649.0000,100759.0000,100368.0000,100870.0000,100819.0000,100819.0000,100739.0000,104907.0000,100378.0000,100829.0000,100519.0000,100719.0000,100489.0000,100519.0000,100348.0000,100278.0000,100489.0000,104867.0000,100599.0000,100499.0000,100659.0000,100248.0000,100519.0000,100569.0000,100308.0000,100719.0000,100609.0000,105849.0000,100489.0000,100228.0000,100398.0000,100249.0000,100398.0000,100389.0000,100528.0000,100409.0000,100589.0000,106009.0000,100499.0000,100298.0000,100418.0000,100749.0000,100398.0000,100258.0000,100468.0000,100529.0000,100859.0000,105749.0000,100789.0000,100669.0000,100649.0000,100669.0000,100409.0000,100348.0000,100559.0000,100549.0000,100478.0000,105558.0000,100719.0000,100058.0000,100378.0000,100449.0000,100609.0000,100298.0000,100479.0000,100438.0000,100689.0000,105569.0000,100498.0000,100328.0000,100458.0000,100168.0000,100378.0000,100348.0000,100668.0000,100298.0000,100579.0000,105428.0000,100549.0000,100398.0000,100589.0000,100789.0000,100639.0000,100349.0000,100669.0000,100549.0000,105387.0000,100378.0000,100228.0000,100589.0000,100479.0000,100549.0000,100128.0000,100498.0000,100559.0000,100539.0000,105388.0000"
generating large command graphs for N nodes - 1,soup topology,100,1,157099200,1590675.3400,1579697.3000,1624584.3800,88143.5290,31946.9896,189295.6295,"benchmark,group:command-graph","1570967.0000,1580906.0000,1573492.0000,1576919.0000,1567020.0000,1578652.0000,1579894.0000,1574514.0000,1579193.0000,1578171.0000,1575356.0000,1573271.0000,1572369.0000,1574113.0000,1568903.0000,1584813.0000,1571849.0000,1578472.0000,1574945.0000,1579233.0000,1579153.0000,1578551.0000,1582208.0000,1577370.0000,1577409.0000,1583971.0000,1575155.0000,1579193.0000,1588581.0000,1579112.0000,1569033.0000,1580576.0000,1576117.0000,1576488.0000,1581367.0000,1569344.0000,1576358.0000,1568984.0000,1576628.0000,1584222.0000,1572100.0000,1582760.0000,1577519.0000,1579583.0000,1570116.0000,1584643.0000,1581478.0000,1578371.0000,1584884.0000,1575085.0000,1580085.0000,1580395.0000,1572230.0000,1586056.0000,1576217.0000,1585485.0000,1576238.0000,1575476.0000,1579403.0000,1578261.0000,1578732.0000,1574695.0000,1580145.0000,1572630.0000,1575586.0000,1580305.0000,1566639.0000,1585044.0000,1575746.0000,1587789.0000,1585995.0000,1574664.0000,1583661.0000,1838134.0000,2366977.0000,1893840.0000,1572500.0000,1584083.0000,1574293.0000,1579003.0000,1574865.0000,1572530.0000,1574735.0000,1564405.0000,1577690.0000,1581497.0000,1567240.0000,1580555.0000,1570497.0000,1577379.0000,1567341.0000,1595864.0000,1571929.0000,1571368.0000,1574053.0000,1570827.0000,1577931.0000,1564595.0000,1576378.0000,1576137.0000"
generating large command graphs for N nodes - 1,chain topology,100,1,8549400,85770.6200,85521.2100,86136.4300,1523.9701,1129.4956,1930.4611,"benchmark,group:command-graph","85390.0000,90770.0000,90190.0000,86161.0000,85581.0000,85360.0000,85410.0000,85470.0000,91241.0000,85410.0000,85641.0000,85250.0000,85009.0000,84989.0000,85300.0000,84929.0000,85129.0000,85160.0000,84769.0000,84909.0000,90570.0000,84989.0000,85009.0000,84879.0000,85219.0000,85210.0000,85280.0000,85169.0000,85199.0000,85040.0000,85410.0000,89728.0000,85821.0000,85100.0000,85229.0000,85350.0000,85160.0000,85250.0000,84889.0000,85099.0000,85149.0000,85230.0000,85150.0000,90119.0000,85841.0000,85179.0000,85641.0000,85069.0000,85220.0000,85230.0000,85270.0000,85109.0000,85400.0000,85360.0000,85240.0000,90239.0000,85551.0000,85360.0000,85500.0000,85250.0000,85320.0000,85440.0000,85210.0000,85260.0000,85320.0000,85430.0000,90099.0000,85710.0000,85660.0000,85510.0000,85481.0000,85189.0000,85240.0000,85220.0000,85280.0000,85129.0000,84869.0000,84910.0000,89447.0000,85511.0000,85500.0000,85220.0000,85490.0000,85130.0000,84979.0000,85190.0000,85319.0000,85299.0000,85289.0000,85220.0000,90309.0000,85380.0000,85590.0000,85180.0000,85370.0000,85179.0000,85000.0000,85250.0000,85149.0000,85009.0000"
generating large command graphs for N nodes - 1,expanding tree topology,100,1,16026500,159317.5300,158867.2800,159891.1200,2587.0686,2116.0790,3057.1376,"benchmark,group:command-graph","166433.0000,158188.0000,165061.0000,158709.0000,157928.0000,157577.0000,164640.0000,158980.0000,158068.0000,157717.0000,157627.0000,157968.0000,165252.0000,158689.0000,158038.0000,157807.0000,157637.0000,158158.0000,164981.0000,158359.0000,158468.0000,157867.0000,158128.0000,158329.0000,165842.0000,160192.0000,158339.0000,158248.0000,157577.0000,157437.0000,158328.0000,165362.0000,158158.0000,157527.0000,157687.0000,157026.0000,157888.0000,165051.0000,157717.0000,158489.0000,157968.0000,158298.0000,157507.0000,164199.0000,158249.0000,158248.0000,157737.0000,157908.0000,158188.0000,158298.0000,163658.0000,158068.0000,158068.0000,158088.0000,157587.0000,158469.0000,163758.0000,158319.0000,157997.0000,158749.0000,158268.0000,158499.0000,164690.0000,158759.0000,157907.0000,158499.0000,158028.0000,158208.0000,163909.0000,159290.0000,158589.0000,158399.0000,157527.0000,158398.0000,158499.0000,164500.0000,158108.0000,157397.0000,157737.0000,158839.0000,158438.0000,164520.0000,158379.0000,157907.0000,158719.0000,158719.0000,158519.0000,163588.0000,157657.0000,157898.0000,157988.0000,158378.0000,157938.0000,167446.0000,159560.0000,157738.0000,158238.0000,158899.0000,158388.0000,157948.0000"
generating large command graphs for N nodes - 1,contracting tree topology,100,1,18724700,187771.5900,187216.5400,188666.2400,3523.1652,2580.3941,5707.4825,"benchmark,group:command-graph","185931.0000,192403.0000,191481.0000,186552.0000,186933.0000,193766.0000,187123.0000,186351.0000,186693.0000,185670.0000,192944.0000,186111.0000,186131.0000,185981.0000,185761.0000,184788.0000,193475.0000,186261.0000,187183.0000,185200.0000,185610.0000,191912.0000,186291.0000,184968.0000,186382.0000,186291.0000,191260.0000,186231.0000,186181.0000,185500.0000,186061.0000,185500.0000,194637.0000,186030.0000,186030.0000,185369.0000,186532.0000,192113.0000,186572.0000,186481.0000,186461.0000,186162.0000,192904.0000,186992.0000,186662.0000,186592.0000,187263.0000,186802.0000,193615.0000,186662.0000,186452.0000,186221.0000,186231.0000,195659.0000,188335.0000,186702.0000,186010.0000,186212.0000,191952.0000,186241.0000,186131.0000,186071.0000,186031.0000,185660.0000,192122.0000,185059.0000,186161.0000,185259.0000,186552.0000,191532.0000,186892.0000,185991.0000,186632.0000,186571.0000,210036.0000,186331.0000,187744.0000,186532.0000,186582.0000,186892.0000,194938.0000,186652.0000,186882.0000,186251.0000,187022.0000,193315.0000,186542.0000,185099.0000,186322.0000,186031.0000,192052.0000,185941.0000,186402.0000,186562.0000,185830.0000,185339.0000,193816.0000,186191.0000,186191.0000,186181.0000"
generating large command graphs for N nodes - 1,wave_sim topology,100,1,93539300,935490.3200,934759.7900,937134.2100,5300.3907,2931.9249,10657.5460,"benchmark,group:command-graph","934791.0000,934801.0000,978174.0000,947304.0000,934601.0000,934390.0000,936735.0000,936083.0000,935562.0000,935351.0000,934210.0000,933288.0000,932858.0000,932636.0000,933949.0000,932356.0000,929030.0000,935983.0000,932216.0000,934521.0000,935782.0000,933768.0000,934450.0000,938898.0000,934189.0000,935412.0000,935172.0000,935943.0000,937015.0000,937296.0000,935272.0000,932957.0000,931114.0000,933278.0000,932948.0000,933308.0000,932937.0000,933058.0000,936564.0000,938177.0000,933218.0000,932156.0000,934651.0000,932316.0000,934571.0000,936774.0000,934461.0000,925663.0000,935452.0000,933379.0000,933889.0000,936093.0000,938578.0000,940071.0000,941283.0000,940261.0000,940171.0000,939530.0000,937175.0000,939119.0000,935733.0000,936113.0000,934710.0000,928900.0000,935101.0000,930963.0000,933288.0000,932867.0000,934229.0000,935171.0000,935643.0000,935542.0000,939550.0000,939239.0000,941143.0000,940141.0000,935633.0000,935452.0000,927567.0000,934270.0000,934490.0000,935151.0000,932587.0000,931094.0000,931755.0000,935101.0000,933608.0000,932947.0000,932427.0000,934390.0000,934290.0000,932316.0000,932407.0000,932987.0000,940061.0000,940321.0000,939190.0000,938598.0000,936233.0000,932636.0000"
generating large command graphs for N nodes - 1,jacobi topology,100,1,25459600,293980.4800,293386.0000,294659.8000,3242.8879,2892.4728,3654.2715,"benchmark,group:command-graph","290389.0000,291000.0000,302120.0000,302151.0000,293164.0000,293394.0000,293374.0000,298955.0000,292092.0000,293275.0000,299496.0000,293214.0000,293144.0000,298725.0000,293885.0000,292744.0000,292593.0000,299907.0000,293033.0000,293464.0000,299386.0000,294637.0000,293645.0000,294126.0000,299446.0000,292804.0000,293504.0000,299076.0000,292713.0000,292583.0000,301550.0000,292854.0000,293184.0000,293084.0000,299376.0000,294206.0000,293244.0000,299216.0000,293274.0000,294086.0000,292763.0000,299887.0000,292734.0000,291290.0000,297322.0000,291281.0000,290479.0000,297111.0000,291421.0000,291201.0000,290388.0000,298604.0000,290739.0000,291300.0000,297082.0000,291691.0000,290499.0000,291351.0000,296801.0000,291701.0000,290840.0000,297382.0000,291461.0000,289848.0000,297632.0000,291991.0000,291000.0000,291271.0000,297683.0000,291541.0000,290689.0000,297112.0000,290348.0000,291641.0000,291551.0000,298103.0000,291050.0000,291821.0000,297963.0000,291852.0000,291070.0000,296741.0000,291240.0000,291911.0000,292082.0000,298144.0000,291481.0000,290519.0000,296450.0000,290369.0000,290920.0000,290569.0000,298324.0000,291371.0000,291661.0000,297753.0000,291661.0000,291210.0000,296380.0000,293655.0000"
generating large command graphs for N nodes - 4,soup topology,100,1,196681400,1972326.1400,1971574.5600,1973223.9100,4169.4697,3412.1624,5778.2546,"benchmark,group:command-graph","1967269.0000,1970355.0000,1976216.0000,1970525.0000,1967109.0000,1968651.0000,1972730.0000,1973931.0000,1973621.0000,1962921.0000,1970816.0000,1973140.0000,1976286.0000,1974643.0000,1975414.0000,1967239.0000,1967890.0000,1969333.0000,1972920.0000,1972188.0000,1970595.0000,1972078.0000,1974092.0000,1971467.0000,1972659.0000,1969834.0000,1973320.0000,1984692.0000,1969013.0000,1969373.0000,1969833.0000,1965776.0000,1967639.0000,1973992.0000,1976035.0000,1972438.0000,1973270.0000,1972368.0000,1969403.0000,1967810.0000,1969664.0000,1971376.0000,1974392.0000,1973611.0000,1967630.0000,1971276.0000,1974022.0000,1976626.0000,1974101.0000,1971897.0000,1971467.0000,1973220.0000,1968061.0000,1964724.0000,1970976.0000,1967028.0000,1972739.0000,1975725.0000,1974983.0000,1973120.0000,1972419.0000,1970315.0000,1977768.0000,1969743.0000,1969433.0000,1974222.0000,1972078.0000,1977218.0000,1976817.0000,1974162.0000,1971738.0000,1969102.0000,1972309.0000,1973320.0000,1975374.0000,1970686.0000,1972559.0000,1967669.0000,1992516.0000,1976206.0000,1975014.0000,1975264.0000,1965726.0000,1968672.0000,1971717.0000,1969924.0000,1969794.0000,1970615.0000,1968712.0000,1977057.0000,1979392.0000,1969353.0000,1979011.0000,1977348.0000,1966458.0000,1974112.0000,1971687.0000,1976957.0000,1982117.0000,1972508.0000"
generating large command graphs for N nodes - 4,chain topology,100,1,35165200,350792.2900,350001.8100,352671.3200,5901.2577,3235.7341,12119.0268,"benchmark,group:command-graph","347978.0000,354029.0000,354159.0000,348539.0000,354621.0000,349180.0000,348259.0000,355773.0000,348599.0000,348639.0000,355602.0000,349170.0000,348709.0000,354871.0000,348479.0000,347828.0000,355452.0000,348599.0000,348839.0000,355372.0000,349060.0000,354039.0000,350223.0000,347737.0000,353980.0000,348970.0000,348349.0000,355292.0000,348138.0000,347347.0000,356043.0000,348880.0000,348439.0000,354370.0000,349030.0000,347907.0000,354600.0000,348379.0000,346185.0000,354330.0000,348309.0000,353669.0000,347196.0000,346916.0000,353258.0000,347006.0000,346886.0000,353799.0000,347237.0000,347637.0000,353008.0000,347206.0000,346996.0000,353458.0000,347557.0000,346726.0000,355082.0000,347387.0000,347216.0000,354912.0000,347607.0000,354761.0000,347036.0000,347047.0000,353869.0000,346966.0000,347758.0000,354240.0000,349030.0000,347828.0000,354620.0000,347467.0000,348068.0000,354390.0000,347327.0000,347938.0000,354210.0000,348098.0000,346915.0000,356824.0000,347998.0000,353328.0000,347948.0000,347938.0000,354190.0000,348799.0000,347657.0000,356144.0000,347286.0000,347737.0000,356144.0000,348308.0000,347487.0000,354300.0000,347387.0000,348218.0000,399526.0000,347978.0000,355593.0000,347808.0000"
generating large command graphs for N nodes - 4,expanding tree topology,100,1,36805400,367814.1300,367121.1900,368575.7000,3690.9788,3413.1406,4040.4996,"benchmark,group:command-graph","365441.0000,365000.0000,373396.0000,365992.0000,372164.0000,366383.0000,366754.0000,372274.0000,366443.0000,372795.0000,365221.0000,365261.0000,372605.0000,366052.0000,364800.0000,371984.0000,365561.0000,371894.0000,365471.0000,364329.0000,372104.0000,364880.0000,366253.0000,373256.0000,364039.0000,365271.0000,372294.0000,366082.0000,375270.0000,365712.0000,364980.0000,371443.0000,365872.0000,365902.0000,372505.0000,365210.0000,371894.0000,367254.0000,365360.0000,371843.0000,364940.0000,365481.0000,373025.0000,365421.0000,365742.0000,372515.0000,363557.0000,373777.0000,363949.0000,364159.0000,372153.0000,365411.0000,363347.0000,370781.0000,364149.0000,370421.0000,363878.0000,364189.0000,370801.0000,364870.0000,364760.0000,372425.0000,364910.0000,366303.0000,372905.0000,364900.0000,371702.0000,365040.0000,365772.0000,371693.0000,364119.0000,364860.0000,372655.0000,364920.0000,364339.0000,373186.0000,364920.0000,376993.0000,365502.0000,364048.0000,372926.0000,364269.0000,364960.0000,373456.0000,364318.0000,372043.0000,364720.0000,363678.0000,370811.0000,364379.0000,363808.0000,371232.0000,364850.0000,365822.0000,372074.0000,365712.0000,373065.0000,365602.0000,365301.0000,372625.0000"
generating large command graphs for N nodes - 4,contracting tree topology,100,1,39883200,400218.8400,399526.0200,400968.5300,3697.2101,3420.9338,4000.0741,"benchmark,group:command-graph","404245.0000,398213.0000,400478.0000,403754.0000,398584.0000,402431.0000,395888.0000,395538.0000,402060.0000,396870.0000,404526.0000,397742.0000,397001.0000,403874.0000,397673.0000,405216.0000,398614.0000,396651.0000,405637.0000,398003.0000,403914.0000,396199.0000,397933.0000,403694.0000,397652.0000,403914.0000,396931.0000,396841.0000,403133.0000,396379.0000,402230.0000,397642.0000,396830.0000,406238.0000,397182.0000,404124.0000,396821.0000,397712.0000,402782.0000,396149.0000,402682.0000,396881.0000,395247.0000,403183.0000,396831.0000,403974.0000,396480.0000,396901.0000,403524.0000,396981.0000,407150.0000,398855.0000,397592.0000,407361.0000,398373.0000,405217.0000,396811.0000,394827.0000,406689.0000,396650.0000,404926.0000,398503.0000,396750.0000,404946.0000,398083.0000,406719.0000,397642.0000,395939.0000,405888.0000,396631.0000,405948.0000,397692.0000,395388.0000,405978.0000,397432.0000,404946.0000,397162.0000,403252.0000,399074.0000,397652.0000,403954.0000,397111.0000,402862.0000,398534.0000,398433.0000,403874.0000,397552.0000,403022.0000,398404.0000,397352.0000,404856.0000,398303.0000,405568.0000,400357.0000,397512.0000,406940.0000,397893.0000,404345.0000,398544.0000,396410.0000"
generating large command graphs for N nodes - 4,wave_sim topology,100,1,190530500,1920876.3900,1918849.0600,1923375.7100,11415.5223,9122.8522,14995.2826,"benchmark,group:command-graph","1965546.0000,1910531.0000,1962770.0000,1919839.0000,1911754.0000,1916282.0000,1931752.0000,1929186.0000,1939876.0000,1914068.0000,1918827.0000,1920921.0000,1922614.0000,1922334.0000,1921311.0000,1921421.0000,1917674.0000,1911143.0000,1904359.0000,1903417.0000,1911362.0000,1922735.0000,1908447.0000,1905672.0000,1909559.0000,1908197.0000,1916963.0000,1923356.0000,1921372.0000,1925570.0000,1928645.0000,1925178.0000,1920961.0000,1916502.0000,1922875.0000,1931070.0000,1925600.0000,1921162.0000,1918075.0000,1924288.0000,1919508.0000,1917164.0000,1909650.0000,1903167.0000,1911834.0000,1905191.0000,1913768.0000,1909118.0000,1907696.0000,1912846.0000,1913196.0000,1910340.0000,1919869.0000,1910801.0000,1912696.0000,1915250.0000,1911463.0000,1905913.0000,1927353.0000,1924889.0000,1944225.0000,1925059.0000,1923957.0000,1926391.0000,1926872.0000,1927173.0000,1924909.0000,1929297.0000,1925640.0000,1931270.0000,1921072.0000,1924958.0000,1926542.0000,1928896.0000,1928225.0000,1929678.0000,1933064.0000,1929858.0000,1922263.0000,1927814.0000,1927683.0000,1925820.0000,1922784.0000,1921642.0000,1965095.0000,1921211.0000,1920130.0000,1926281.0000,1923766.0000,1919317.0000,1920069.0000,1921111.0000,1923647.0000,1926531.0000,1921082.0000,1905622.0000,1906162.0000,1897777.0000,1907165.0000,1912655.0000"
generating large command graphs for N nodes - 4,jacobi topology,100,1,62585800,641972.7900,631789.5900,661101.0000,69239.6649,44544.6310,98953.1649,"benchmark,group:command-graph","627067.0000,625955.0000,634090.0000,626847.0000,621848.0000,628640.0000,620345.0000,632297.0000,630063.0000,624282.0000,628741.0000,627598.0000,621848.0000,627658.0000,619313.0000,628410.0000,629131.0000,621567.0000,625264.0000,627568.0000,709443.0000,938288.0000,939620.0000,941534.0000,941083.0000,943287.0000,656884.0000,619623.0000,623250.0000,626336.0000,620796.0000,625905.0000,621397.0000,625073.0000,628630.0000,621566.0000,625474.0000,626005.0000,619092.0000,625364.0000,619483.0000,627969.0000,626766.0000,622919.0000,627308.0000,626686.0000,618461.0000,626596.0000,619072.0000,627118.0000,627808.0000,620254.0000,626596.0000,627718.0000,620194.0000,626786.0000,617690.0000,625384.0000,626386.0000,617239.0000,626326.0000,640974.0000,620575.0000,628740.0000,621938.0000,628450.0000,626606.0000,618040.0000,626266.0000,626706.0000,619543.0000,629141.0000,619954.0000,625865.0000,626887.0000,621977.0000,626025.0000,624803.0000,621777.0000,628871.0000,620996.0000,627368.0000,627979.0000,619533.0000,627358.0000,628550.0000,622128.0000,626767.0000,621036.0000,630233.0000,626055.0000,622228.0000,629893.0000,629281.0000,624423.0000,625925.0000,618180.0000,625834.0000,628389.0000,620044.0000"
generating large command graphs for N nodes - 16,soup topology,100,1,251741800,2524195.1800,2523174.1100,2525406.0200,5637.4447,4690.3260,7772.1282,"benchmark,group:command-graph","2526960.0000,2522933.0000,2528493.0000,2526480.0000,2521930.0000,2521870.0000,2518464.0000,2523875.0000,2513815.0000,2523404.0000,2519747.0000,2525367.0000,2523564.0000,2528673.0000,2527051.0000,2517783.0000,2521730.0000,2515769.0000,2537651.0000,2519426.0000,2532361.0000,2521089.0000,2525297.0000,2524075.0000,2526008.0000,2519235.0000,2531960.0000,2521179.0000,2526669.0000,2520158.0000,2526900.0000,2526349.0000,2526159.0000,2525478.0000,2528002.0000,2522081.0000,2518615.0000,2527591.0000,2521690.0000,2550906.0000,2521550.0000,2532040.0000,2526590.0000,2535627.0000,2515899.0000,2521079.0000,2528383.0000,2535998.0000,2530948.0000,2532861.0000,2525498.0000,2529305.0000,2521650.0000,2520608.0000,2521991.0000,2516501.0000,2519857.0000,2514356.0000,2524676.0000,2513575.0000,2525798.0000,2517613.0000,2525157.0000,2517582.0000,2530116.0000,2522251.0000,2527501.0000,2518625.0000,2523574.0000,2520548.0000,2523143.0000,2521139.0000,2528052.0000,2524055.0000,2523524.0000,2524095.0000,2525818.0000,2523734.0000,2535737.0000,2531178.0000,2514466.0000,2526459.0000,2524826.0000,2526599.0000,2521058.0000,2525116.0000,2525167.0000,2528183.0000,2515979.0000,2525136.0000,2521940.0000,2527061.0000,2519245.0000,2525517.0000,2523163.0000,2520128.0000,2521680.0000,2516561.0000,2521910.0000,2524305.0000"
generating large command graphs for N nodes - 16,chain topology,100,1,121814900,1214790.0300,1214076.1800,1215604.0300,3889.3929,3349.8637,4666.9850,"benchmark,group:command-graph","1215593.0000,1213219.0000,1220452.0000,1212849.0000,1218799.0000,1211335.0000,1211525.0000,1212889.0000,1213729.0000,1220322.0000,1215303.0000,1215343.0000,1212327.0000,1217477.0000,1214311.0000,1214542.0000,1213860.0000,1212918.0000,1218589.0000,1213539.0000,1214982.0000,1214532.0000,1210964.0000,1216445.0000,1210614.0000,1211185.0000,1211435.0000,1219361.0000,1211185.0000,1210814.0000,1209502.0000,1212017.0000,1218930.0000,1211756.0000,1211796.0000,1211356.0000,1208710.0000,1217467.0000,1210664.0000,1214411.0000,1209732.0000,1212938.0000,1223278.0000,1210714.0000,1210523.0000,1208991.0000,1217487.0000,1212247.0000,1212737.0000,1211145.0000,1211175.0000,1217857.0000,1216665.0000,1216295.0000,1212487.0000,1209192.0000,1217196.0000,1209552.0000,1212127.0000,1228147.0000,1218920.0000,1214201.0000,1210464.0000,1212297.0000,1209672.0000,1219621.0000,1216405.0000,1214472.0000,1213589.0000,1210063.0000,1220443.0000,1212508.0000,1212347.0000,1211726.0000,1218980.0000,1215523.0000,1213309.0000,1217698.0000,1216926.0000,1223849.0000,1215573.0000,1214041.0000,1215353.0000,1219621.0000,1217748.0000,1218759.0000,1213129.0000,1216806.0000,1225161.0000,1213770.0000,1215544.0000,1214581.0000,1213910.0000,1225091.0000,1214441.0000,1215534.0000,1214521.0000,1222597.0000,1214701.0000,1217577.0000"
generating large command graphs for N nodes - 16,expanding tree topology,100,1,75663500,755793.8400,754978.0300,756546.4800,3994.0407,3492.9848,4603.5379,"benchmark,group:command-graph","751944.0000,759218.0000,753547.0000,759939.0000,758136.0000,759769.0000,756954.0000,765069.0000,761803.0000,762053.0000,753667.0000,760530.0000,760851.0000,760681.0000,755360.0000,761602.0000,764879.0000,759799.0000,751573.0000,758977.0000,759118.0000,760961.0000,752495.0000,758948.0000,759448.0000,756373.0000,758336.0000,751183.0000,759408.0000,756142.0000,759268.0000,751934.0000,754819.0000,754458.0000,756873.0000,750842.0000,758096.0000,756723.0000,756072.0000,748728.0000,756754.0000,756302.0000,757625.0000,749269.0000,758397.0000,759598.0000,756152.0000,749760.0000,755160.0000,756813.0000,757574.0000,749139.0000,757014.0000,755401.0000,756883.0000,750230.0000,754229.0000,752916.0000,755110.0000,745903.0000,755851.0000,756903.0000,755100.0000,746133.0000,757524.0000,759018.0000,757484.0000,750000.0000,756463.0000,756603.0000,757184.0000,748798.0000,756864.0000,758346.0000,758447.0000,758125.0000,748477.0000,758747.0000,758858.0000,757073.0000,750040.0000,756032.0000,754960.0000,752916.0000,746694.0000,754960.0000,754139.0000,754418.0000,749469.0000,757124.0000,756122.0000,758527.0000,750000.0000,755721.0000,755411.0000,755340.0000,747005.0000,754579.0000,756764.0000,760360.0000"
generating large command graphs for N nodes - 16,contracting tree topology,100,1,83518800,835883.4800,835217.4700,836681.9800,3713.2174,2886.7065,5484.0871,"benchmark,group:command-graph","834170.0000,835002.0000,848547.0000,839049.0000,836093.0000,835061.0000,828029.0000,836795.0000,836685.0000,838167.0000,838367.0000,839289.0000,831344.0000,838208.0000,838108.0000,837837.0000,839390.0000,836134.0000,831174.0000,839120.0000,838007.0000,834992.0000,837807.0000,835222.0000,834551.0000,830763.0000,835632.0000,836294.0000,835051.0000,837566.0000,837847.0000,830443.0000,837116.0000,834911.0000,838227.0000,835313.0000,837296.0000,830623.0000,836935.0000,836855.0000,836084.0000,838197.0000,837877.0000,829090.0000,840212.0000,837817.0000,836785.0000,836003.0000,835211.0000,830162.0000,836745.0000,836314.0000,835152.0000,834110.0000,837857.0000,829901.0000,836794.0000,838177.0000,836124.0000,835222.0000,855741.0000,830664.0000,839119.0000,836745.0000,834902.0000,836595.0000,839169.0000,827548.0000,835412.0000,838008.0000,835212.0000,836785.0000,834771.0000,829141.0000,838238.0000,836795.0000,836504.0000,836915.0000,835532.0000,830322.0000,836024.0000,838057.0000,836103.0000,838388.0000,836043.0000,836755.0000,830343.0000,835142.0000,834571.0000,836705.0000,833970.0000,834881.0000,828369.0000,836504.0000,836334.0000,836485.0000,836154.0000,835713.0000,829100.0000,836735.0000"
generating large command graphs for N nodes - 16,wave_sim topology,100,1,356792000,3544415.1700,3531574.3700,3581486.2800,98688.2243,15041.1493,210921.0300,"benchmark,group:command-graph","3538339.0000,3508461.0000,3557805.0000,3552074.0000,3544861.0000,3540272.0000,3549199.0000,3542967.0000,3536695.0000,3539761.0000,3529121.0000,3512519.0000,3519262.0000,3511918.0000,3523320.0000,3511116.0000,3530543.0000,3532397.0000,3517579.0000,3525173.0000,3512510.0000,3523079.0000,3537226.0000,3550682.0000,3555631.0000,3540282.0000,3512700.0000,3518881.0000,3507239.0000,3520494.0000,3532668.0000,3543358.0000,3537887.0000,3547716.0000,3562604.0000,3539089.0000,3547666.0000,3536545.0000,3542757.0000,3542887.0000,3542977.0000,3532908.0000,3530814.0000,3529041.0000,3531736.0000,4402988.0000,3990786.0000,3515155.0000,3507219.0000,3515936.0000,3520875.0000,3541474.0000,3567424.0000,3537226.0000,3549249.0000,3542476.0000,3537487.0000,3537717.0000,3532197.0000,3520504.0000,3519783.0000,3514943.0000,3530803.0000,3518160.0000,3515485.0000,3503683.0000,3528369.0000,3515194.0000,3540392.0000,3543348.0000,3545011.0000,3545221.0000,3536756.0000,3546113.0000,3542436.0000,3542887.0000,3535793.0000,3539511.0000,3532808.0000,3541584.0000,3535473.0000,3511678.0000,3513832.0000,3521406.0000,3538829.0000,3529882.0000,3541073.0000,3508492.0000,3508882.0000,3524352.0000,3524362.0000,3534260.0000,3538098.0000,3505797.0000,3518280.0000,3511788.0000,3510616.0000,3510125.0000,3547616.0000,3546924.0000"
generating large command graphs for N nodes - 16,jacobi topology,100,1,153410900,1535182.7100,1533894.1600,1536594.2000,6866.5967,6022.2832,8361.0351,"benchmark,group:command-graph","1544217.0000,1537374.0000,1535500.0000,1536191.0000,1526183.0000,1535991.0000,1524689.0000,1538586.0000,1535309.0000,1530951.0000,1544988.0000,1530571.0000,1539057.0000,1531332.0000,1534648.0000,1527835.0000,1535911.0000,1532364.0000,1533497.0000,1532274.0000,1535740.0000,1527926.0000,1531052.0000,1530280.0000,1523257.0000,1525321.0000,1527144.0000,1538716.0000,1535369.0000,1545219.0000,1530150.0000,1535300.0000,1526413.0000,1527775.0000,1523247.0000,1530892.0000,1527795.0000,1537614.0000,1529829.0000,1527364.0000,1533476.0000,1524569.0000,1539558.0000,1537714.0000,1540900.0000,1536432.0000,1546861.0000,1539207.0000,1560447.0000,1539428.0000,1539187.0000,1536953.0000,1526092.0000,1535991.0000,1527605.0000,1536402.0000,1521043.0000,1538796.0000,1528387.0000,1532765.0000,1530471.0000,1536672.0000,1529829.0000,1535489.0000,1529618.0000,1541902.0000,1527274.0000,1539197.0000,1538686.0000,1532033.0000,1531262.0000,1526593.0000,1530240.0000,1531573.0000,1537053.0000,1531703.0000,1547392.0000,1541582.0000,1546852.0000,1528958.0000,1536341.0000,1533847.0000,1533557.0000,1533376.0000,1541131.0000,1545559.0000,1538406.0000,1548805.0000,1540269.0000,1546912.0000,1541973.0000,1547613.0000,1537223.0000,1547764.0000,1536772.0000,1531913.0000,1541912.0000,1533857.0000,1546240.0000,1534738.0000"
generating large instruction graphs for N devices - 1,soup topology,100,1,570143300,5690799.7700,5688879.8500,5692762.9000,9920.4357,8410.3696,11969.4483,"benchmark,group:instruction-graph","5688315.0000,5679820.0000,5710848.0000,5697744.0000,5688626.0000,5695609.0000,5690309.0000,5695479.0000,5696611.0000,5696571.0000,5689217.0000,5687674.0000,5689638.0000,5703174.0000,5679849.0000,5692433.0000,5691862.0000,5685070.0000,5704366.0000,5693054.0000,5674559.0000,5697573.0000,5691632.0000,5686622.0000,5694817.0000,5694707.0000,5691111.0000,5693205.0000,5697263.0000,5688135.0000,5707061.0000,5694387.0000,5697804.0000,5697463.0000,5695940.0000,5701801.0000,5722711.0000,5684228.0000,5706840.0000,5682204.0000,5694127.0000,5695279.0000,5697473.0000,5686211.0000,5692604.0000,5691732.0000,5692243.0000,5689107.0000,5690019.0000,5695780.0000,5663669.0000,5686672.0000,5692985.0000,5697022.0000,5704857.0000,5691652.0000,5681813.0000,5694587.0000,5685730.0000,5681663.0000,5689739.0000,5682224.0000,5670381.0000,5684308.0000,5685470.0000,5694066.0000,5673327.0000,5688115.0000,5680271.0000,5687163.0000,5691642.0000,5717501.0000,5680711.0000,5694668.0000,5689257.0000,5685490.0000,5684297.0000,5678817.0000,5666665.0000,5692994.0000,5687163.0000,5685590.0000,5672135.0000,5689438.0000,5694908.0000,5678447.0000,5685049.0000,5692123.0000,5681062.0000,5715867.0000,5691932.0000,5699557.0000,5708754.0000,5699748.0000,5689868.0000,5690249.0000,5699666.0000,5680981.0000,5672275.0000,5686502.0000"
generating large instruction graphs for N devices - 1,chain topology,100,1,72192000,719810.1100,715323.9500,722666.2000,18025.4099,12410.1475,24090.2345,"benchmark,group:instruction-graph","725053.0000,724843.0000,655651.0000,656192.0000,657545.0000,646054.0000,666452.0000,657926.0000,652506.0000,731575.0000,726085.0000,720714.0000,730814.0000,727448.0000,724151.0000,714954.0000,725184.0000,723460.0000,717649.0000,725404.0000,724492.0000,724061.0000,716226.0000,726756.0000,723771.0000,720695.0000,726656.0000,727217.0000,727197.0000,717108.0000,725314.0000,725404.0000,724111.0000,719603.0000,725905.0000,728009.0000,716838.0000,724662.0000,728370.0000,725794.0000,718891.0000,723991.0000,725974.0000,723720.0000,716627.0000,726145.0000,728159.0000,717529.0000,726977.0000,725744.0000,723991.0000,716236.0000,723130.0000,729892.0000,718561.0000,727017.0000,725925.0000,726787.0000,718400.0000,725564.0000,724572.0000,725384.0000,718731.0000,727768.0000,728108.0000,719632.0000,727558.0000,727948.0000,728329.0000,717809.0000,724522.0000,730203.0000,726275.0000,720694.0000,727978.0000,729953.0000,719883.0000,730053.0000,730834.0000,729402.0000,720855.0000,730534.0000,731245.0000,732216.0000,721266.0000,728920.0000,729101.0000,718391.0000,726005.0000,726686.0000,726035.0000,718450.0000,726556.0000,728169.0000,726305.0000,718541.0000,726586.0000,727398.0000,718230.0000,726777.0000"
generating large instruction graphs for N devices - 1,expanding tree topology,100,1,103339900,1034083.7200,1033615.3500,1034811.7800,2927.7595,2100.8566,5058.4393,"benchmark,group:instruction-graph","1033829.0000,1034199.0000,1036283.0000,1032917.0000,1034831.0000,1032807.0000,1036484.0000,1038938.0000,1035692.0000,1035101.0000,1029771.0000,1034961.0000,1028739.0000,1030412.0000,1031354.0000,1034881.0000,1033658.0000,1033338.0000,1034029.0000,1034340.0000,1032617.0000,1032806.0000,1031885.0000,1031494.0000,1035783.0000,1032476.0000,1030262.0000,1033278.0000,1032686.0000,1032436.0000,1031484.0000,1032887.0000,1031364.0000,1032176.0000,1031865.0000,1032687.0000,1034049.0000,1035101.0000,1036053.0000,1032325.0000,1033568.0000,1034560.0000,1032687.0000,1036574.0000,1035983.0000,1032285.0000,1032095.0000,1034791.0000,1034670.0000,1035222.0000,1037365.0000,1037065.0000,1038177.0000,1034239.0000,1040111.0000,1032516.0000,1034159.0000,1029460.0000,1031354.0000,1032547.0000,1033397.0000,1032967.0000,1032736.0000,1033458.0000,1031554.0000,1036284.0000,1034850.0000,1033518.0000,1033308.0000,1033909.0000,1033498.0000,1035682.0000,1034330.0000,1035302.0000,1033558.0000,1032967.0000,1036083.0000,1031714.0000,1031404.0000,1033908.0000,1029941.0000,1033338.0000,1032797.0000,1036073.0000,1032216.0000,1032746.0000,1035071.0000,1039930.0000,1038257.0000,1032886.0000,1035111.0000,1035953.0000,1035351.0000,1035081.0000,1035702.0000,1029741.0000,1038398.0000,1053345.0000,1035181.0000,1035121.0000"
generating large instruction graphs for N devices - 1,contracting tree topology,100,1,115728000,1158873.4800,1158058.6500,1160228.4000,5224.9779,3669.8305,8889.0582,"benchmark,group:instruction-graph","1158555.0000,1151822.0000,1163033.0000,1166861.0000,1159476.0000,1153906.0000,1156852.0000,1155560.0000,1157463.0000,1155670.0000,1193251.0000,1158275.0000,1157884.0000,1157994.0000,1158084.0000,1158165.0000,1162282.0000,1154588.0000,1154578.0000,1154798.0000,1155990.0000,1157453.0000,1162022.0000,1157563.0000,1154007.0000,1156081.0000,1155018.0000,1158525.0000,1159206.0000,1154488.0000,1154207.0000,1155900.0000,1154136.0000,1153665.0000,1173583.0000,1162292.0000,1155800.0000,1155389.0000,1156481.0000,1158525.0000,1155540.0000,1166600.0000,1155228.0000,1152383.0000,1158986.0000,1158866.0000,1158926.0000,1167953.0000,1157843.0000,1158124.0000,1159858.0000,1156010.0000,1159406.0000,1159316.0000,1171190.0000,1161691.0000,1162823.0000,1159176.0000,1160419.0000,1159407.0000,1168745.0000,1159547.0000,1158465.0000,1159457.0000,1160569.0000,1159156.0000,1165759.0000,1157734.0000,1162382.0000,1157122.0000,1158726.0000,1156081.0000,1159697.0000,1155199.0000,1155279.0000,1157984.0000,1153425.0000,1155420.0000,1156581.0000,1167922.0000,1156821.0000,1158214.0000,1158495.0000,1156190.0000,1155138.0000,1163946.0000,1158685.0000,1159336.0000,1161120.0000,1157824.0000,1159386.0000,1159497.0000,1156982.0000,1156692.0000,1158305.0000,1155620.0000,1155359.0000,1155029.0000,1164446.0000,1155840.0000"
generating large instruction graphs for N devices - 1,wave_sim topology,100,1,513349000,5148048.2400,5133713.5100,5214597.4000,136240.4291,10322.0121,324226.6124,"benchmark,group:instruction-graph","5140327.0000,5128894.0000,5139856.0000,5134265.0000,5125728.0000,5127863.0000,5136158.0000,5130557.0000,5126369.0000,5144324.0000,5126960.0000,5135477.0000,5127762.0000,5114487.0000,5114417.0000,5133674.0000,5134425.0000,5127732.0000,5125337.0000,5135617.0000,5124687.0000,5129866.0000,5136378.0000,5142611.0000,5131610.0000,5143011.0000,5129736.0000,5119747.0000,5138784.0000,5137391.0000,5150094.0000,5145506.0000,5133814.0000,5122793.0000,5128384.0000,5127842.0000,5141488.0000,5127372.0000,5111121.0000,5124666.0000,5153501.0000,5152890.0000,6498673.0000,5129826.0000,5138724.0000,5134535.0000,5137110.0000,5152208.0000,5136529.0000,5130066.0000,5134174.0000,5130338.0000,5151477.0000,5136169.0000,5136018.0000,5123615.0000,5141478.0000,5120238.0000,5128434.0000,5132010.0000,5128544.0000,5121801.0000,5118084.0000,5115499.0000,5199719.0000,5127893.0000,5127422.0000,5157549.0000,5127111.0000,5135286.0000,5131770.0000,5133082.0000,5132331.0000,5127752.0000,5132652.0000,5140867.0000,5137471.0000,5145345.0000,5145897.0000,5144535.0000,5125047.0000,5145827.0000,5147991.0000,5123384.0000,5116832.0000,5135978.0000,5131630.0000,5136429.0000,5132782.0000,5149063.0000,5141148.0000,5129486.0000,5127482.0000,5136209.0000,5165254.0000,5135216.0000,5139956.0000,5133032.0000,5128704.0000,5137621.0000"
generating large instruction graphs for N devices - 1,jacobi topology,100,1,143293100,1433918.6700,1432871.6500,1435086.6800,5631.1435,4866.4836,7015.7432,"benchmark,group:instruction-graph","1436833.0000,1427125.0000,1454637.0000,1431773.0000,1439818.0000,1432946.0000,1436953.0000,1434058.0000,1438657.0000,1434268.0000,1434979.0000,1440910.0000,1427665.0000,1440380.0000,1432705.0000,1438096.0000,1437995.0000,1437845.0000,1429589.0000,1429168.0000,1439709.0000,1430310.0000,1435310.0000,1435219.0000,1438195.0000,1425492.0000,1431453.0000,1440460.0000,1425261.0000,1439358.0000,1431282.0000,1437043.0000,1428156.0000,1431783.0000,1438376.0000,1431503.0000,1434940.0000,1432034.0000,1439638.0000,1433216.0000,1434328.0000,1432214.0000,1430872.0000,1439638.0000,1433957.0000,1442804.0000,1433356.0000,1434459.0000,1428116.0000,1426233.0000,1439308.0000,1431302.0000,1435871.0000,1423758.0000,1434148.0000,1429820.0000,1431473.0000,1437935.0000,1428227.0000,1436382.0000,1426363.0000,1435360.0000,1425902.0000,1433537.0000,1437284.0000,1427946.0000,1452263.0000,1428988.0000,1440209.0000,1430060.0000,1437945.0000,1429629.0000,1426954.0000,1439097.0000,1431022.0000,1444718.0000,1427134.0000,1436302.0000,1424891.0000,1434067.0000,1431893.0000,1427055.0000,1438025.0000,1423879.0000,1438295.0000,1427886.0000,1424259.0000,1433046.0000,1432094.0000,1443265.0000,1431502.0000,1439638.0000,1430491.0000,1430391.0000,1438967.0000,1431262.0000,1439798.0000,1429279.0000,1439127.0000,1432705.0000"
generating large instruction graphs for N devices - 4,soup topology,100,1,572247100,5734593.4400,5717810.1300,5777359.9400,121090.9130,11346.8069,236356.8390,"benchmark,group:instruction-graph","5724504.0000,5724544.0000,5716860.0000,5722380.0000,5713223.0000,5709065.0000,5705538.0000,5725727.0000,5749381.0000,5709085.0000,5714696.0000,5720366.0000,5716308.0000,5702072.0000,5711830.0000,5716970.0000,5712702.0000,5716880.0000,5711108.0000,5737799.0000,5710948.0000,5722821.0000,5705247.0000,5706691.0000,5714745.0000,5717941.0000,5747097.0000,5721919.0000,5714835.0000,5704886.0000,5711178.0000,5714825.0000,5718933.0000,5709215.0000,5714445.0000,5722249.0000,5709796.0000,5705678.0000,5702633.0000,5716349.0000,5711599.0000,5711038.0000,5726568.0000,5736917.0000,5722150.0000,5715688.0000,5715938.0000,5721688.0000,5724804.0000,5718784.0000,5727399.0000,5723001.0000,5716970.0000,5725977.0000,5737268.0000,5703304.0000,5725927.0000,5724885.0000,5721649.0000,5715718.0000,5733441.0000,5755483.0000,5725165.0000,5715728.0000,5723392.0000,5713754.0000,5711550.0000,5726808.0000,5702843.0000,5721809.0000,5705207.0000,5722330.0000,5711540.0000,5712481.0000,5708383.0000,5717220.0000,5713954.0000,5696220.0000,5728071.0000,5706049.0000,5708233.0000,5700228.0000,5705789.0000,5707462.0000,5719214.0000,5717361.0000,5729163.0000,5708394.0000,5720216.0000,5726798.0000,5730185.0000,6414783.0000,6716555.0000,5713433.0000,5715376.0000,5747778.0000,5709536.0000,5711209.0000,5711589.0000,5713873.0000"
generating large instruction graphs for N devices - 4,chain topology,100,1,72653700,727813.4600,726959.2900,728662.8500,4345.7031,3765.9027,5487.3685,"benchmark,group:instruction-graph","729772.0000,728429.0000,733639.0000,730423.0000,719362.0000,729792.0000,730133.0000,724703.0000,731315.0000,732587.0000,731825.0000,724492.0000,728289.0000,731045.0000,730433.0000,723219.0000,727528.0000,726586.0000,720234.0000,727889.0000,731405.0000,732958.0000,722368.0000,728760.0000,729261.0000,729823.0000,720033.0000,728289.0000,732778.0000,721025.0000,728499.0000,727568.0000,728059.0000,719753.0000,727077.0000,730333.0000,731155.0000,723009.0000,729351.0000,730543.0000,723220.0000,727708.0000,726687.0000,729511.0000,721406.0000,727147.0000,728620.0000,745071.0000,722198.0000,730353.0000,729120.0000,730904.0000,727418.0000,732968.0000,729211.0000,723961.0000,732788.0000,731596.0000,730433.0000,722769.0000,733449.0000,730944.0000,731505.0000,725293.0000,732508.0000,729020.0000,721315.0000,729752.0000,730062.0000,726906.0000,718862.0000,728519.0000,727487.0000,726576.0000,719142.0000,729782.0000,731225.0000,723059.0000,729271.0000,731545.0000,729832.0000,720544.0000,728440.0000,729812.0000,728390.0000,723540.0000,730384.0000,729862.0000,719372.0000,728139.0000,727748.0000,731506.0000,717559.0000,726846.0000,731135.0000,730373.0000,722548.0000,729672.0000,731596.0000,720995.0000"
generating large instruction graphs for N devices - 4,expanding tree topology,100,1,103737900,1038298.3700,1037661.7400,1039231.7600,3896.3279,2836.4626,5619.0421,"benchmark,group:instruction-graph","1036714.0000,1040311.0000,1041844.0000,1039028.0000,1038117.0000,1040261.0000,1038959.0000,1039590.0000,1036043.0000,1040601.0000,1051782.0000,1039119.0000,1041203.0000,1037816.0000,1038938.0000,1041884.0000,1033598.0000,1034700.0000,1038718.0000,1055951.0000,1041794.0000,1041092.0000,1041393.0000,1035321.0000,1034580.0000,1035842.0000,1042125.0000,1040251.0000,1035572.0000,1037135.0000,1038348.0000,1038918.0000,1038788.0000,1040522.0000,1044318.0000,1058144.0000,1035752.0000,1037876.0000,1037886.0000,1035742.0000,1034299.0000,1036995.0000,1036474.0000,1034971.0000,1037706.0000,1039670.0000,1036824.0000,1038998.0000,1034270.0000,1032897.0000,1037215.0000,1033458.0000,1033057.0000,1038006.0000,1038086.0000,1036594.0000,1038838.0000,1038447.0000,1034479.0000,1035722.0000,1037446.0000,1035542.0000,1042134.0000,1033668.0000,1036013.0000,1038407.0000,1036603.0000,1037044.0000,1040100.0000,1036283.0000,1039038.0000,1037706.0000,1041703.0000,1035663.0000,1036403.0000,1039740.0000,1032967.0000,1035892.0000,1034370.0000,1035402.0000,1040061.0000,1036974.0000,1034530.0000,1038848.0000,1036975.0000,1034881.0000,1037315.0000,1039109.0000,1034731.0000,1041463.0000,1037786.0000,1038949.0000,1039429.0000,1041714.0000,1040832.0000,1037857.0000,1040421.0000,1039780.0000,1036163.0000,1036313.0000"
generating large instruction graphs for N devices - 4,contracting tree topology,100,1,116277000,1163543.4700,1162861.1400,1164401.8900,3892.5261,3245.3986,5271.9473,"benchmark,group:instruction-graph","1161341.0000,1161872.0000,1166600.0000,1163344.0000,1170407.0000,1158225.0000,1159056.0000,1161841.0000,1164947.0000,1162362.0000,1170278.0000,1160449.0000,1161671.0000,1158595.0000,1163103.0000,1160579.0000,1166891.0000,1163314.0000,1159938.0000,1160810.0000,1163054.0000,1162001.0000,1163053.0000,1171690.0000,1161030.0000,1161992.0000,1161881.0000,1163304.0000,1164617.0000,1170017.0000,1165769.0000,1164546.0000,1158084.0000,1162763.0000,1161140.0000,1167402.0000,1162543.0000,1161240.0000,1160038.0000,1162803.0000,1160569.0000,1171259.0000,1160589.0000,1162002.0000,1158214.0000,1161961.0000,1161190.0000,1169545.0000,1163865.0000,1163595.0000,1160559.0000,1163435.0000,1165448.0000,1171069.0000,1163825.0000,1163645.0000,1162653.0000,1162262.0000,1165899.0000,1172421.0000,1162894.0000,1158205.0000,1161390.0000,1159016.0000,1181699.0000,1169676.0000,1163865.0000,1163134.0000,1164897.0000,1162373.0000,1165478.0000,1171900.0000,1164507.0000,1163044.0000,1160839.0000,1159336.0000,1159347.0000,1170518.0000,1161761.0000,1161711.0000,1160288.0000,1162863.0000,1159607.0000,1161691.0000,1166270.0000,1159928.0000,1164416.0000,1160830.0000,1161962.0000,1164546.0000,1168894.0000,1163675.0000,1161080.0000,1160439.0000,1164707.0000,1161992.0000,1169516.0000,1162292.0000,1165579.0000,1159587.0000"
generating large instruction graphs for N devices - 4,wave_sim topology,100,1,516375800,5156470.9900,5154244.4400,5159019.7200,12078.8039,10120.0932,16460.6489,"benchmark,group:instruction-graph","5154212.0000,5149122.0000,5163811.0000,5146368.0000,5151367.0000,5151558.0000,5157779.0000,5156347.0000,5169071.0000,5149183.0000,5127282.0000,5136258.0000,5138873.0000,5155776.0000,5155024.0000,5181454.0000,5147139.0000,5162308.0000,5148181.0000,5151558.0000,5163831.0000,5162538.0000,5158651.0000,5154884.0000,5161747.0000,5160835.0000,5134245.0000,5138683.0000,5141569.0000,5160344.0000,5157088.0000,5166536.0000,5155865.0000,5152579.0000,5167107.0000,5154213.0000,5148853.0000,5161085.0000,5145135.0000,5156277.0000,5178057.0000,5163911.0000,5163520.0000,5157940.0000,5162328.0000,5162118.0000,5151477.0000,5148432.0000,5146508.0000,5155435.0000,5157319.0000,5168750.0000,5166096.0000,5163069.0000,5176335.0000,5153551.0000,5137581.0000,5212663.0000,5134736.0000,5151087.0000,5147900.0000,5169701.0000,5172206.0000,5157348.0000,5150105.0000,5160375.0000,5156757.0000,5150245.0000,5144394.0000,5147811.0000,5168119.0000,5147500.0000,5147891.0000,5163831.0000,5166105.0000,5155565.0000,5145516.0000,5156096.0000,5159493.0000,5157429.0000,5146578.0000,5167949.0000,5153551.0000,5144054.0000,5168129.0000,5166316.0000,5176615.0000,5155355.0000,5171856.0000,5143142.0000,5145115.0000,5147059.0000,5154514.0000,5176304.0000,5155836.0000,5147520.0000,5162058.0000,5182005.0000,5138603.0000,5154504.0000"
generating large instruction graphs for N devices - 4,jacobi topology,100,1,144396300,1442981.4500,1442087.9700,1443972.8000,4813.8898,4208.6607,5844.5047,"benchmark,group:instruction-graph","1441091.0000,1438827.0000,1443305.0000,1440680.0000,1439889.0000,1447383.0000,1438586.0000,1443285.0000,1440550.0000,1438236.0000,1441161.0000,1438927.0000,1448605.0000,1435771.0000,1448375.0000,1437644.0000,1444487.0000,1435621.0000,1452703.0000,1445289.0000,1440019.0000,1443546.0000,1441332.0000,1447273.0000,1440029.0000,1450048.0000,1438707.0000,1443916.0000,1447022.0000,1444598.0000,1444117.0000,1435891.0000,1447603.0000,1436903.0000,1442694.0000,1440360.0000,1439838.0000,1447032.0000,1441101.0000,1447814.0000,1436813.0000,1444688.0000,1438366.0000,1443636.0000,1439428.0000,1435801.0000,1446491.0000,1434448.0000,1446781.0000,1439438.0000,1444838.0000,1437544.0000,1436472.0000,1446171.0000,1440299.0000,1448404.0000,1441130.0000,1440610.0000,1433086.0000,1445249.0000,1440981.0000,1440159.0000,1447042.0000,1440039.0000,1448265.0000,1439007.0000,1451501.0000,1436703.0000,1456340.0000,1444107.0000,1442444.0000,1452823.0000,1439498.0000,1448546.0000,1441532.0000,1445960.0000,1442354.0000,1449507.0000,1439608.0000,1439098.0000,1446781.0000,1444387.0000,1450218.0000,1442684.0000,1444647.0000,1442113.0000,1445189.0000,1460027.0000,1443405.0000,1445910.0000,1440409.0000,1448645.0000,1446842.0000,1445840.0000,1437844.0000,1445329.0000,1440800.0000,1440059.0000,1445269.0000,1436282.0000"
generating large instruction graphs for N devices - 16,soup topology,100,1,574343600,5740710.4000,5738557.8200,5744011.3800,13381.0630,9408.5744,23284.1065,"benchmark,group:instruction-graph","5733882.0000,5734143.0000,5739102.0000,5746105.0000,5731567.0000,5723051.0000,5748490.0000,5739843.0000,5748019.0000,5733411.0000,5736327.0000,5756765.0000,5745424.0000,5728963.0000,5738791.0000,5740935.0000,5735965.0000,5742628.0000,5753619.0000,5739071.0000,5726617.0000,5731717.0000,5742608.0000,5727480.0000,5829954.0000,5733902.0000,5741757.0000,5741206.0000,5754591.0000,5744262.0000,5743570.0000,5741646.0000,5729414.0000,5749742.0000,5777114.0000,5750293.0000,5738120.0000,5740485.0000,5738701.0000,5745103.0000,5738892.0000,5751675.0000,5745845.0000,5742358.0000,5735475.0000,5739002.0000,5757156.0000,5747638.0000,5723623.0000,5724333.0000,5736867.0000,5732600.0000,5734383.0000,5750153.0000,5745704.0000,5732079.0000,5737018.0000,5743480.0000,5751185.0000,5743480.0000,5736387.0000,5754060.0000,5744202.0000,5745754.0000,5751365.0000,5730946.0000,5754271.0000,5727018.0000,5728802.0000,5739232.0000,5738591.0000,5723312.0000,5743400.0000,5746506.0000,5735385.0000,5740274.0000,5725456.0000,5720687.0000,5741517.0000,5729473.0000,5743631.0000,5747738.0000,5715537.0000,5733421.0000,5737067.0000,5731337.0000,5727189.0000,5742628.0000,5741626.0000,5750243.0000,5739863.0000,5759240.0000,5746856.0000,5744211.0000,5712682.0000,5737699.0000,5733722.0000,5744271.0000,5755032.0000,5733080.0000"
generating large instruction graphs for N devices - 16,chain topology,100,1,73369100,734574.8400,733681.1200,735589.9300,4834.3427,3906.9131,6497.8453,"benchmark,group:instruction-graph","724212.0000,732287.0000,732046.0000,731405.0000,736344.0000,736104.0000,727238.0000,734922.0000,735262.0000,735053.0000,730583.0000,733269.0000,737768.0000,727848.0000,736245.0000,737717.0000,740132.0000,727007.0000,736835.0000,739951.0000,740823.0000,731235.0000,735774.0000,736505.0000,736164.0000,729001.0000,735864.0000,735833.0000,754889.0000,727988.0000,737247.0000,735142.0000,731966.0000,731916.0000,738218.0000,736084.0000,729873.0000,737907.0000,736185.0000,739961.0000,729452.0000,736815.0000,738388.0000,738399.0000,730854.0000,738879.0000,737376.0000,736295.0000,730643.0000,738488.0000,736976.0000,728339.0000,739931.0000,737437.0000,736825.0000,727768.0000,736525.0000,738088.0000,738208.0000,729181.0000,734682.0000,754889.0000,737416.0000,726216.0000,735292.0000,736775.0000,734862.0000,728339.0000,734260.0000,736094.0000,728549.0000,732748.0000,734431.0000,736345.0000,730233.0000,735393.0000,736755.0000,735593.0000,728439.0000,736145.0000,740893.0000,733509.0000,729342.0000,737987.0000,735052.0000,727237.0000,735523.0000,733890.0000,734131.0000,725714.0000,733979.0000,734250.0000,735914.0000,727898.0000,736344.0000,737227.0000,733409.0000,727818.0000,734301.0000,733940.0000"
generating large instruction graphs for N devices - 16,expanding tree topology,100,1,104634800,1045262.5000,1044743.9800,1046227.5900,3488.3521,2248.9706,6493.2250,"benchmark,group:instruction-graph","1045821.0000,1043357.0000,1053186.0000,1044419.0000,1045100.0000,1045401.0000,1041894.0000,1045751.0000,1043737.0000,1045391.0000,1041824.0000,1041163.0000,1043497.0000,1045811.0000,1043156.0000,1044769.0000,1043446.0000,1043036.0000,1046493.0000,1051232.0000,1044899.0000,1042726.0000,1043878.0000,1046423.0000,1043477.0000,1046412.0000,1044378.0000,1043768.0000,1044459.0000,1044659.0000,1042555.0000,1039449.0000,1043748.0000,1045330.0000,1044118.0000,1046342.0000,1045200.0000,1044078.0000,1045792.0000,1048015.0000,1043457.0000,1070618.0000,1045130.0000,1049127.0000,1046903.0000,1047675.0000,1044128.0000,1050861.0000,1043367.0000,1047194.0000,1044579.0000,1047084.0000,1045952.0000,1045050.0000,1045421.0000,1045751.0000,1044950.0000,1047034.0000,1046563.0000,1042696.0000,1043847.0000,1043717.0000,1052725.0000,1046723.0000,1043878.0000,1043397.0000,1041694.0000,1044469.0000,1043216.0000,1045911.0000,1046212.0000,1044248.0000,1048216.0000,1046182.0000,1045490.0000,1041914.0000,1044549.0000,1043056.0000,1041984.0000,1045300.0000,1042886.0000,1042985.0000,1043226.0000,1040251.0000,1044299.0000,1049598.0000,1042745.0000,1043888.0000,1049008.0000,1044890.0000,1045781.0000,1043477.0000,1049728.0000,1045130.0000,1042605.0000,1043868.0000,1045331.0000,1044679.0000,1044419.0000,1048998.0000"
generating large instruction graphs for N devices - 16,contracting tree topology,100,1,118435700,1188454.9600,1176686.6400,1215421.3400,88306.0295,40983.8076,150090.4813,"benchmark,group:instruction-graph","1177591.0000,1164907.0000,1173082.0000,1169546.0000,1169756.0000,1175287.0000,1166631.0000,1171470.0000,1171410.0000,1168864.0000,1168113.0000,1175337.0000,1168745.0000,1169005.0000,1168845.0000,1171169.0000,1171830.0000,1180026.0000,1169206.0000,1172752.0000,1170488.0000,1171690.0000,1179014.0000,1170037.0000,1170778.0000,1173364.0000,1169125.0000,1168073.0000,1177882.0000,1167652.0000,1168474.0000,1170447.0000,1168073.0000,1167432.0000,1179245.0000,1166530.0000,1169436.0000,1168324.0000,1170568.0000,1173794.0000,1180176.0000,1173434.0000,1172161.0000,1173924.0000,1172130.0000,1168303.0000,1411124.0000,1750778.0000,1743755.0000,1466178.0000,1173253.0000,1173193.0000,1174045.0000,1175948.0000,1168985.0000,1172492.0000,1171380.0000,1169145.0000,1172031.0000,1175297.0000,1169346.0000,1172823.0000,1168654.0000,1171941.0000,1184735.0000,1176820.0000,1167452.0000,1169286.0000,1168564.0000,1172331.0000,1171340.0000,1176880.0000,1169506.0000,1167582.0000,1170387.0000,1170148.0000,1173734.0000,1169426.0000,1173353.0000,1176479.0000,1173814.0000,1169316.0000,1177771.0000,1170748.0000,1169676.0000,1167251.0000,1174625.0000,1170378.0000,1175608.0000,1170087.0000,1166921.0000,1166561.0000,1168694.0000,1171369.0000,1177992.0000,1169706.0000,1167953.0000,1170889.0000,1172331.0000,1171289.0000"
generating large instruction graphs for N devices - 16,wave_sim topology,100,1,523316900,5240413.3600,5237391.0500,5244315.2100,17433.1066,13531.2155,24297.3643,"benchmark,group:instruction-graph","5228423.0000,5205200.0000,5253601.0000,5235978.0000,5248070.0000,5252438.0000,5255124.0000,5255254.0000,5240256.0000,5254082.0000,5319686.0000,5243301.0000,5246227.0000,5259552.0000,5259061.0000,5258310.0000,5246527.0000,5232471.0000,5242790.0000,5255094.0000,5234574.0000,5225969.0000,5318595.0000,5255515.0000,5243472.0000,5229605.0000,5228524.0000,5231209.0000,5233573.0000,5241728.0000,5232090.0000,5223143.0000,5224415.0000,5236329.0000,5218103.0000,5230878.0000,5222342.0000,5247449.0000,5220569.0000,5245846.0000,5215439.0000,5235186.0000,5226139.0000,5248231.0000,5207714.0000,5215939.0000,5234034.0000,5242199.0000,5242230.0000,5231078.0000,5244563.0000,5240436.0000,5259502.0000,5227331.0000,5208054.0000,5233644.0000,5240466.0000,5242089.0000,5249423.0000,5235727.0000,5248071.0000,5238041.0000,5228464.0000,5226019.0000,5255615.0000,5242249.0000,5238533.0000,5241558.0000,5229344.0000,5253691.0000,5241648.0000,5251176.0000,5224616.0000,5244945.0000,5218144.0000,5224396.0000,5231289.0000,5240276.0000,5243893.0000,5249092.0000,5219096.0000,5238332.0000,5237361.0000,5270272.0000,5254983.0000,5278448.0000,5245335.0000,5229836.0000,5237731.0000,5254473.0000,5255725.0000,5238682.0000,5228875.0000,5243201.0000,5236258.0000,5249152.0000,5251367.0000,5225348.0000,5240115.0000,5220889.0000"
generating large instruction graphs for N devices - 16,jacobi topology,100,1,148383400,1484217.9600,1483315.7800,1485181.1300,4734.1971,4240.0898,5436.2432,"benchmark,group:instruction-graph","1486407.0000,1481838.0000,1483091.0000,1495514.0000,1481798.0000,1489022.0000,1480295.0000,1489042.0000,1479634.0000,1485335.0000,1479434.0000,1485505.0000,1476198.0000,1484784.0000,1476117.0000,1490354.0000,1479053.0000,1489102.0000,1478822.0000,1489042.0000,1480104.0000,1486567.0000,1484073.0000,1487940.0000,1479864.0000,1488230.0000,1481708.0000,1484493.0000,1483721.0000,1479594.0000,1486697.0000,1480716.0000,1483541.0000,1476969.0000,1487639.0000,1479394.0000,1486096.0000,1479784.0000,1488010.0000,1480857.0000,1489082.0000,1478372.0000,1487238.0000,1478812.0000,1485626.0000,1482279.0000,1492088.0000,1486437.0000,1490815.0000,1481467.0000,1488511.0000,1484373.0000,1493099.0000,1484042.0000,1489102.0000,1479574.0000,1493219.0000,1479393.0000,1484443.0000,1478622.0000,1482229.0000,1489984.0000,1480246.0000,1483842.0000,1477179.0000,1484192.0000,1482099.0000,1489603.0000,1497749.0000,1487529.0000,1483331.0000,1488851.0000,1481498.0000,1491156.0000,1477470.0000,1490043.0000,1483100.0000,1486828.0000,1483211.0000,1486568.0000,1482690.0000,1483912.0000,1479173.0000,1484683.0000,1480546.0000,1487829.0000,1478201.0000,1488971.0000,1478782.0000,1488181.0000,1476869.0000,1482890.0000,1479133.0000,1479564.0000,1488380.0000,1479794.0000,1487008.0000,1479944.0000,1495244.0000,1480316.0000"
generating large instruction graphs for N devices without d2d copy support - 1,soup topology,100,1,571695500,5618398.3500,5566542.1300,5656474.0500,226106.4921,178375.0127,269177.6648,"benchmark,group:instruction-graph","5715527.0000,5712311.0000,5708253.0000,5708663.0000,5692082.0000,5714546.0000,5731597.0000,5706219.0000,5704907.0000,5718823.0000,5731537.0000,5714726.0000,5716950.0000,5727169.0000,5705007.0000,5711991.0000,5717451.0000,5718663.0000,5705748.0000,5408745.0000,5059803.0000,5063099.0000,5064001.0000,5067278.0000,5058912.0000,5074381.0000,5050336.0000,5072398.0000,5058431.0000,5057739.0000,5070934.0000,5058902.0000,5058451.0000,5078969.0000,5715436.0000,5722700.0000,5734102.0000,5730104.0000,5705798.0000,5715237.0000,5709065.0000,5684228.0000,5705017.0000,5721889.0000,5705949.0000,5702923.0000,5704897.0000,5708423.0000,5703273.0000,5718883.0000,5722120.0000,5715867.0000,5706640.0000,5712581.0000,5714956.0000,5704917.0000,5718172.0000,5696521.0000,5712181.0000,5694998.0000,5709586.0000,5735715.0000,5705237.0000,5719826.0000,5716729.0000,5709536.0000,5692203.0000,5704707.0000,5699797.0000,5695670.0000,5710046.0000,5692212.0000,5698063.0000,5689477.0000,5770412.0000,5709225.0000,5706971.0000,5714645.0000,5736838.0000,5712401.0000,5709666.0000,5718522.0000,5710457.0000,5706710.0000,5715067.0000,5717651.0000,5701410.0000,5698825.0000,5741286.0000,5710678.0000,5696311.0000,5703334.0000,5704857.0000,5731106.0000,5721518.0000,5710929.0000,5732028.0000,5707823.0000,5706470.0000,5714465.0000"
generating large instruction graphs for N devices without d2d copy support - 1,chain topology,100,1,72554200,725846.1600,724969.4400,726784.0200,4626.8000,3961.9331,6264.9337,"benchmark,group:instruction-graph","729591.0000,719242.0000,729562.0000,719663.0000,726245.0000,727557.0000,723930.0000,717238.0000,724973.0000,725965.0000,718611.0000,727939.0000,727017.0000,728510.0000,716897.0000,731305.0000,729491.0000,720405.0000,724272.0000,724532.0000,729772.0000,719082.0000,724182.0000,732387.0000,726366.0000,719102.0000,728529.0000,728229.0000,721035.0000,728840.0000,725294.0000,727177.0000,720464.0000,726906.0000,723991.0000,725964.0000,719953.0000,727127.0000,725424.0000,718621.0000,727768.0000,727347.0000,725453.0000,719011.0000,729091.0000,746825.0000,729912.0000,723050.0000,730894.0000,730664.0000,720825.0000,729121.0000,730985.0000,729281.0000,724161.0000,729231.0000,729391.0000,731656.0000,717759.0000,729511.0000,728971.0000,718992.0000,729351.0000,731726.0000,727347.0000,722227.0000,724882.0000,726165.0000,729892.0000,717519.0000,727749.0000,727377.0000,716737.0000,727698.0000,727067.0000,727709.0000,722568.0000,727017.0000,727749.0000,727998.0000,716817.0000,729462.0000,728510.0000,720354.0000,727508.0000,726145.0000,727618.0000,721026.0000,727498.0000,730714.0000,727147.0000,723530.0000,728249.0000,728009.0000,719202.0000,728179.0000,728430.0000,726736.0000,721016.0000,728399.0000"
generating large instruction graphs for N devices without d2d copy support - 1,expanding tree topology,100,1,103576600,1036513.7900,1036009.1500,1037231.2800,3029.0765,2314.8495,4882.9103,"benchmark,group:instruction-graph","1038588.0000,1039329.0000,1041773.0000,1037385.0000,1037055.0000,1037676.0000,1038778.0000,1039940.0000,1033258.0000,1034299.0000,1034309.0000,1034490.0000,1036383.0000,1034129.0000,1035862.0000,1038388.0000,1036564.0000,1037676.0000,1035712.0000,1034930.0000,1037807.0000,1034610.0000,1034210.0000,1034109.0000,1034189.0000,1033738.0000,1035422.0000,1036965.0000,1038527.0000,1039910.0000,1036113.0000,1036975.0000,1034780.0000,1039269.0000,1054798.0000,1033347.0000,1032216.0000,1034300.0000,1032947.0000,1037706.0000,1034911.0000,1034540.0000,1041002.0000,1033488.0000,1035141.0000,1037836.0000,1038578.0000,1034991.0000,1038247.0000,1036123.0000,1035001.0000,1038367.0000,1036945.0000,1036293.0000,1035793.0000,1032175.0000,1034631.0000,1035552.0000,1037405.0000,1032867.0000,1037376.0000,1037936.0000,1035552.0000,1033999.0000,1036664.0000,1034711.0000,1034079.0000,1034740.0000,1034910.0000,1033728.0000,1042395.0000,1034701.0000,1039539.0000,1037355.0000,1037345.0000,1036794.0000,1033578.0000,1033809.0000,1037526.0000,1039920.0000,1038066.0000,1038538.0000,1041974.0000,1036693.0000,1038197.0000,1041353.0000,1037956.0000,1036854.0000,1033077.0000,1035061.0000,1036043.0000,1031444.0000,1040011.0000,1035311.0000,1032346.0000,1034340.0000,1036143.0000,1042354.0000,1035061.0000,1035552.0000"
generating large instruction graphs for N devices without d2d copy support - 1,contracting tree topology,100,1,116186800,1152504.6100,1145024.0300,1158575.2500,34256.9279,25546.5734,45124.3765,"benchmark,group:instruction-graph","1157733.0000,1159778.0000,1168985.0000,1162793.0000,1159988.0000,1165118.0000,1163064.0000,1171169.0000,1157914.0000,1158164.0000,1159046.0000,1161019.0000,1162653.0000,1167732.0000,1159657.0000,1160499.0000,1156892.0000,1160269.0000,1164156.0000,1169135.0000,1162663.0000,1161961.0000,1157894.0000,1163424.0000,1162092.0000,1167292.0000,1160118.0000,1165328.0000,1158535.0000,1159036.0000,1163375.0000,1168283.0000,1161851.0000,1160249.0000,1159697.0000,1157043.0000,1159878.0000,1160318.0000,1165518.0000,1159106.0000,1158134.0000,1158084.0000,1294382.0000,1137826.0000,1051552.0000,1069486.0000,1161170.0000,1163334.0000,1162662.0000,1162152.0000,1158565.0000,1169346.0000,1158154.0000,1157312.0000,1156040.0000,1159427.0000,1159637.0000,1165989.0000,1159978.0000,1165158.0000,1159156.0000,1158946.0000,1159958.0000,1183342.0000,1157594.0000,1157774.0000,1160428.0000,1159677.0000,1108200.0000,1052484.0000,1050380.0000,1054888.0000,1050340.0000,1046383.0000,1048827.0000,1069807.0000,1158375.0000,1161371.0000,1155690.0000,1158615.0000,1164055.0000,1160048.0000,1157643.0000,1159477.0000,1161541.0000,1162884.0000,1161040.0000,1168003.0000,1162844.0000,1158785.0000,1155709.0000,1160539.0000,1157433.0000,1167061.0000,1158595.0000,1160228.0000,1164035.0000,1160489.0000,1163244.0000,1166760.0000"
generating large instruction graphs for N devices without d2d copy support - 1,wave_sim topology,100,1,512516100,5124748.9900,5122612.6500,5127435.5400,12127.2024,9916.3203,18295.0842,"benchmark,group:instruction-graph","5112243.0000,5110159.0000,5125127.0000,5123233.0000,5119166.0000,5115489.0000,5127031.0000,5114227.0000,5129135.0000,5137501.0000,5140687.0000,5130789.0000,5108886.0000,5116430.0000,5135066.0000,5130918.0000,5129084.0000,5127461.0000,5131449.0000,5140857.0000,5134044.0000,5121701.0000,5116672.0000,5113315.0000,5116170.0000,5119616.0000,5109067.0000,5138352.0000,5122182.0000,5136710.0000,5129175.0000,5115660.0000,5122923.0000,5138513.0000,5132321.0000,5130538.0000,5112554.0000,5104378.0000,5115139.0000,5117062.0000,5127412.0000,5142530.0000,5121680.0000,5135226.0000,5110300.0000,5123194.0000,5122412.0000,5112403.0000,5133172.0000,5132472.0000,5132521.0000,5112633.0000,5129736.0000,5118735.0000,5128063.0000,5123244.0000,5116151.0000,5134345.0000,5125809.0000,5118324.0000,5125438.0000,5138633.0000,5116461.0000,5117473.0000,5120759.0000,5144164.0000,5140036.0000,5119767.0000,5117573.0000,5113605.0000,5123905.0000,5133964.0000,5107664.0000,5189520.0000,5146067.0000,5147340.0000,5118315.0000,5113776.0000,5116381.0000,5110449.0000,5121561.0000,5116501.0000,5119116.0000,5113806.0000,5117683.0000,5120268.0000,5121731.0000,5111772.0000,5110440.0000,5133593.0000,5132892.0000,5119055.0000,5103185.0000,5134294.0000,5112002.0000,5129245.0000,5140556.0000,5141117.0000,5132402.0000,5130998.0000"
generating large instruction graphs for N devices without d2d copy support - 1,jacobi topology,100,1,143406600,1433549.2200,1432486.3200,1434824.9000,5908.6726,4930.3990,7738.8426,"benchmark,group:instruction-graph","1435731.0000,1441231.0000,1441512.0000,1431472.0000,1439277.0000,1433006.0000,1436102.0000,1426694.0000,1434468.0000,1431724.0000,1430861.0000,1439397.0000,1433306.0000,1436262.0000,1428868.0000,1433176.0000,1423949.0000,1425451.0000,1437243.0000,1432485.0000,1436963.0000,1427465.0000,1436181.0000,1431282.0000,1431683.0000,1456350.0000,1428116.0000,1432926.0000,1428016.0000,1435430.0000,1433426.0000,1429739.0000,1439017.0000,1433185.0000,1438065.0000,1431252.0000,1439668.0000,1429429.0000,1432796.0000,1432735.0000,1429890.0000,1438336.0000,1425141.0000,1437744.0000,1431362.0000,1435831.0000,1427705.0000,1427666.0000,1435741.0000,1426163.0000,1438807.0000,1423988.0000,1437754.0000,1428587.0000,1428597.0000,1439468.0000,1428326.0000,1439558.0000,1427776.0000,1439257.0000,1432734.0000,1432665.0000,1442734.0000,1432635.0000,1443927.0000,1432815.0000,1439909.0000,1429720.0000,1435871.0000,1426363.0000,1427074.0000,1438747.0000,1431282.0000,1432525.0000,1431824.0000,1434809.0000,1426724.0000,1431593.0000,1430722.0000,1430851.0000,1437383.0000,1428807.0000,1435400.0000,1426093.0000,1427826.0000,1433687.0000,1433186.0000,1442083.0000,1427375.0000,1441222.0000,1426523.0000,1427556.0000,1438406.0000,1428056.0000,1457682.0000,1429429.0000,1438186.0000,1427054.0000,1438426.0000,1441382.0000"
generating large instruction graphs for N devices without d2d copy support - 4,soup topology,100,1,572927800,5722655.0400,5720876.6600,5724921.3100,10187.3109,8055.2244,14116.9259,"benchmark,group:instruction-graph","5730045.0000,5743921.0000,5732589.0000,5723763.0000,5712532.0000,5718983.0000,5725306.0000,5729303.0000,5713633.0000,5727851.0000,5722600.0000,5764721.0000,5711870.0000,5736006.0000,5723663.0000,5716719.0000,5715708.0000,5710828.0000,5723873.0000,5719004.0000,5726047.0000,5718232.0000,5720517.0000,5710217.0000,5732750.0000,5720156.0000,5718172.0000,5728121.0000,5725245.0000,5711059.0000,5714104.0000,5736958.0000,5731598.0000,5737358.0000,5720086.0000,5728031.0000,5730606.0000,5718392.0000,5713914.0000,5723342.0000,5718483.0000,5730585.0000,5721187.0000,5713754.0000,5728883.0000,5770381.0000,5724765.0000,5729313.0000,5725195.0000,5726818.0000,5724725.0000,5732218.0000,5707962.0000,5715456.0000,5715917.0000,5712902.0000,5732699.0000,5731136.0000,5726188.0000,5717821.0000,5722751.0000,5715126.0000,5725846.0000,5708935.0000,5729484.0000,5719174.0000,5734283.0000,5728221.0000,5729093.0000,5713774.0000,5714074.0000,5707953.0000,5714976.0000,5711149.0000,5718403.0000,5722640.0000,5713713.0000,5725516.0000,5733521.0000,5717921.0000,5717271.0000,5706961.0000,5733541.0000,5729163.0000,5716067.0000,5719274.0000,5728021.0000,5718593.0000,5719374.0000,5725647.0000,5720496.0000,5709897.0000,5720276.0000,5727800.0000,5728090.0000,5710557.0000,5717111.0000,5710637.0000,5707992.0000,5717972.0000"
generating large instruction graphs for N devices without d2d copy support - 4,chain topology,100,1,73162100,727579.7900,726781.4600,728417.8100,4165.4608,3630.3760,5488.4043,"benchmark,group:instruction-graph","728941.0000,721897.0000,726976.0000,729051.0000,729492.0000,733830.0000,724552.0000,731415.0000,732687.0000,721266.0000,725574.0000,726526.0000,730303.0000,723320.0000,730383.0000,730213.0000,730764.0000,720805.0000,730363.0000,734601.0000,724341.0000,730494.0000,730584.0000,730583.0000,723460.0000,726225.0000,728640.0000,729933.0000,722368.0000,729842.0000,729711.0000,722398.0000,731044.0000,730343.0000,732677.0000,721796.0000,729802.0000,728149.0000,726045.0000,720815.0000,727238.0000,731645.0000,724001.0000,731355.0000,732808.0000,731996.0000,723631.0000,729972.0000,728630.0000,728710.0000,721146.0000,728960.0000,731124.0000,729402.0000,720855.0000,728921.0000,729481.0000,720203.0000,730092.0000,731716.0000,729251.0000,721275.0000,730473.0000,731666.0000,727137.0000,722919.0000,729461.0000,729562.0000,721015.0000,727577.0000,729110.0000,730202.0000,720344.0000,729912.0000,728570.0000,725695.0000,722217.0000,730583.0000,730283.0000,720765.0000,730964.0000,730273.0000,728710.0000,720765.0000,729421.0000,745352.0000,729031.0000,720184.0000,726406.0000,728129.0000,721557.0000,725734.0000,727648.0000,729030.0000,721847.0000,724732.0000,727378.0000,726977.0000,723580.0000,728149.0000"
generating large instruction graphs for N devices without d2d copy support - 4,expanding tree topology,100,1,103902500,1039593.9700,1039102.5200,1040237.0700,2833.6606,2236.5764,4115.9104,"benchmark,group:instruction-graph","1040241.0000,1038748.0000,1042104.0000,1043748.0000,1041734.0000,1038227.0000,1039580.0000,1037075.0000,1039870.0000,1038918.0000,1038748.0000,1042294.0000,1038718.0000,1037065.0000,1038507.0000,1038557.0000,1038408.0000,1043737.0000,1039439.0000,1040131.0000,1043086.0000,1044349.0000,1041924.0000,1040201.0000,1037395.0000,1039168.0000,1036964.0000,1046783.0000,1035822.0000,1041193.0000,1039069.0000,1038578.0000,1039880.0000,1039760.0000,1039981.0000,1040050.0000,1040772.0000,1039129.0000,1038848.0000,1043206.0000,1037686.0000,1042025.0000,1042575.0000,1039279.0000,1041163.0000,1039159.0000,1038477.0000,1037575.0000,1037946.0000,1037185.0000,1038748.0000,1040100.0000,1034400.0000,1048166.0000,1037175.0000,1037966.0000,1041433.0000,1037626.0000,1039049.0000,1037576.0000,1038708.0000,1054588.0000,1035162.0000,1037576.0000,1037676.0000,1038397.0000,1040772.0000,1035733.0000,1038197.0000,1037405.0000,1038637.0000,1045180.0000,1035241.0000,1038187.0000,1038737.0000,1040080.0000,1040642.0000,1040722.0000,1044188.0000,1038317.0000,1040391.0000,1038638.0000,1039029.0000,1038147.0000,1038177.0000,1037616.0000,1038027.0000,1040341.0000,1037706.0000,1033959.0000,1038458.0000,1037155.0000,1038818.0000,1037656.0000,1040250.0000,1039278.0000,1042655.0000,1038738.0000,1041173.0000,1041724.0000"
generating large instruction graphs for N devices without d2d copy support - 4,contracting tree topology,100,1,115820400,1164697.1900,1163724.1600,1166769.0000,6911.3959,3991.4679,13053.5989,"benchmark,group:instruction-graph","1162924.0000,1160649.0000,1191578.0000,1160619.0000,1166250.0000,1161661.0000,1161300.0000,1162763.0000,1173403.0000,1162833.0000,1161240.0000,1161200.0000,1163885.0000,1163094.0000,1168103.0000,1161481.0000,1161802.0000,1162192.0000,1162924.0000,1163464.0000,1171569.0000,1162764.0000,1162262.0000,1164376.0000,1162793.0000,1160339.0000,1167211.0000,1165087.0000,1160900.0000,1164968.0000,1161110.0000,1163394.0000,1165889.0000,1159767.0000,1160438.0000,1163274.0000,1161370.0000,1159136.0000,1159958.0000,1168895.0000,1161381.0000,1160138.0000,1160559.0000,1160329.0000,1158054.0000,1167623.0000,1159908.0000,1160298.0000,1163685.0000,1161491.0000,1162903.0000,1170548.0000,1160408.0000,1161982.0000,1165238.0000,1164116.0000,1161170.0000,1170918.0000,1165599.0000,1163505.0000,1160559.0000,1162062.0000,1161882.0000,1170898.0000,1160399.0000,1161862.0000,1161180.0000,1161571.0000,1161491.0000,1170358.0000,1162683.0000,1165328.0000,1162111.0000,1166299.0000,1162192.0000,1169967.0000,1164807.0000,1165839.0000,1164367.0000,1165448.0000,1163515.0000,1163855.0000,1161079.0000,1163154.0000,1164055.0000,1164997.0000,1163114.0000,1161260.0000,1216635.0000,1161731.0000,1164707.0000,1167222.0000,1170608.0000,1179294.0000,1167422.0000,1166751.0000,1166040.0000,1162493.0000,1168714.0000,1173052.0000"
generating large instruction graphs for N devices without d2d copy support - 4,wave_sim topology,100,1,514117300,5116096.0500,5082695.9300,5134442.3300,122297.0834,78033.2077,173076.5998,"benchmark,group:instruction-graph","5140918.0000,5135206.0000,5143703.0000,5140977.0000,5123084.0000,5117503.0000,5142360.0000,5139405.0000,5116782.0000,5126580.0000,5142520.0000,5163169.0000,5133414.0000,5138022.0000,5131129.0000,5125458.0000,5135006.0000,5153261.0000,5145737.0000,5138703.0000,5160885.0000,5136199.0000,5136639.0000,5131530.0000,5145927.0000,5141258.0000,5135217.0000,5124446.0000,5128204.0000,5131239.0000,5140947.0000,5132883.0000,5142831.0000,5135818.0000,5132631.0000,5132983.0000,5136068.0000,5139956.0000,5125067.0000,5147619.0000,5168880.0000,5141208.0000,5123485.0000,5138432.0000,5162578.0000,5138553.0000,5151347.0000,5153050.0000,5137811.0000,5141288.0000,5140526.0000,5148842.0000,5133383.0000,5148010.0000,5150917.0000,5156056.0000,5134074.0000,5126379.0000,5149523.0000,5162789.0000,5150937.0000,5146257.0000,5142480.0000,5146518.0000,5143883.0000,5255655.0000,5148622.0000,5155976.0000,5155144.0000,5152650.0000,5141729.0000,5152259.0000,5158210.0000,5155064.0000,5155194.0000,5151087.0000,5143162.0000,5152489.0000,5144504.0000,5199147.0000,5159121.0000,5162919.0000,5155996.0000,5166576.0000,5165484.0000,5150436.0000,5129015.0000,5139053.0000,5151457.0000,5157339.0000,4640027.0000,4593519.0000,4590313.0000,4586757.0000,4560747.0000,4966657.0000,5146578.0000,5146207.0000,5159042.0000,5152980.0000"
generating large instruction graphs for N devices without d2d copy support - 4,jacobi topology,100,1,144336800,1444271.8200,1442930.0300,1447400.8600,9913.1724,5250.7348,20088.0973,"benchmark,group:instruction-graph","1446050.0000,1440871.0000,1445369.0000,1447543.0000,1437214.0000,1443295.0000,1437123.0000,1444417.0000,1438937.0000,1438415.0000,1447974.0000,1439899.0000,1445950.0000,1441261.0000,1449076.0000,1436352.0000,1442674.0000,1439348.0000,1439228.0000,1443165.0000,1437274.0000,1444087.0000,1437414.0000,1441562.0000,1437224.0000,1444367.0000,1443205.0000,1438997.0000,1447372.0000,1436091.0000,1444959.0000,1440690.0000,1451551.0000,1439108.0000,1446190.0000,1436011.0000,1439037.0000,1449196.0000,1442454.0000,1447413.0000,1435871.0000,1461630.0000,1441732.0000,1446661.0000,1440460.0000,1435631.0000,1452132.0000,1442464.0000,1449437.0000,1474244.0000,1447073.0000,1439337.0000,1449276.0000,1438827.0000,1440540.0000,1444738.0000,1443285.0000,1442664.0000,1436903.0000,1447764.0000,1438606.0000,1446862.0000,1439287.0000,1440560.0000,1450690.0000,1439488.0000,1446301.0000,1443506.0000,1451841.0000,1440981.0000,1448245.0000,1442293.0000,1441091.0000,1449887.0000,1440509.0000,1445359.0000,1440680.0000,1524620.0000,1441001.0000,1448154.0000,1441853.0000,1439859.0000,1451000.0000,1440119.0000,1446802.0000,1440711.0000,1449978.0000,1440049.0000,1447343.0000,1439758.0000,1435891.0000,1451811.0000,1444327.0000,1452562.0000,1439357.0000,1448195.0000,1441442.0000,1443125.0000,1438767.0000,1435240.0000"
generating large instruction graphs for N devices without d2d copy support - 16,soup topology,100,1,576773100,5742706.2500,5740010.9000,5749852.3500,20691.1184,8918.0210,43531.6445,"benchmark,group:instruction-graph","5743851.0000,5736908.0000,5753128.0000,5744031.0000,5736567.0000,5737319.0000,5734733.0000,5744582.0000,5743350.0000,5742428.0000,5745594.0000,5730976.0000,5729704.0000,5736156.0000,5747919.0000,5744011.0000,5746355.0000,5751295.0000,5736126.0000,5736998.0000,5734313.0000,5731146.0000,5740815.0000,5743810.0000,5727038.0000,5734433.0000,5742708.0000,5729233.0000,5738490.0000,5739663.0000,5735575.0000,5740965.0000,5734293.0000,5746866.0000,5754441.0000,5730416.0000,5748459.0000,5739122.0000,5732259.0000,5738070.0000,5735655.0000,5753889.0000,5742378.0000,5739082.0000,5728401.0000,5742538.0000,5756394.0000,5918152.0000,5730736.0000,5742969.0000,5739402.0000,5758368.0000,5728251.0000,5738790.0000,5749050.0000,5741477.0000,5733681.0000,5747517.0000,5738721.0000,5735164.0000,5724975.0000,5745925.0000,5747798.0000,5748470.0000,5745524.0000,5738050.0000,5735795.0000,5745023.0000,5742959.0000,5766454.0000,5811719.0000,5740695.0000,5728121.0000,5736897.0000,5727921.0000,5739933.0000,5743671.0000,5741416.0000,5732249.0000,5737028.0000,5738551.0000,5754010.0000,5754371.0000,5733161.0000,5729764.0000,5732670.0000,5746135.0000,5731407.0000,5736587.0000,5736988.0000,5746987.0000,5722330.0000,5735124.0000,5747958.0000,5738411.0000,5723672.0000,5743881.0000,5757457.0000,5749211.0000,5746566.0000"
generating large instruction graphs for N devices without d2d copy support - 16,chain topology,100,1,73136300,736134.6600,735351.9300,736851.9600,3811.7496,3376.3028,4326.7144,"benchmark,group:instruction-graph","730473.0000,738598.0000,745382.0000,736394.0000,740473.0000,727868.0000,737377.0000,735262.0000,734651.0000,730093.0000,735613.0000,738509.0000,728299.0000,737376.0000,738629.0000,735383.0000,729191.0000,739000.0000,738308.0000,738248.0000,731214.0000,736264.0000,737226.0000,738289.0000,731776.0000,740101.0000,739460.0000,739681.0000,732818.0000,736555.0000,735684.0000,727047.0000,732878.0000,736495.0000,737467.0000,730212.0000,737266.0000,740122.0000,735343.0000,730884.0000,736385.0000,738549.0000,740582.0000,731986.0000,737306.0000,737888.0000,731906.0000,737938.0000,735934.0000,737076.0000,729271.0000,734541.0000,735893.0000,736515.0000,729160.0000,737536.0000,739901.0000,736976.0000,728439.0000,738007.0000,739220.0000,737005.0000,734621.0000,739871.0000,740693.0000,730063.0000,735964.0000,739951.0000,741954.0000,730834.0000,741414.0000,736886.0000,734812.0000,731766.0000,738228.0000,740192.0000,737487.0000,729752.0000,740362.0000,738870.0000,740753.0000,731976.0000,738810.0000,737116.0000,731816.0000,738048.0000,737948.0000,737456.0000,730773.0000,737687.0000,743338.0000,738248.0000,731475.0000,737556.0000,738568.0000,740071.0000,732718.0000,738008.0000,739921.0000,737537.0000"
generating large instruction graphs for N devices without d2d copy support - 16,expanding tree topology,100,1,105811700,1047736.4800,1047271.0300,1048410.9100,2817.4240,2105.5151,4708.1566,"benchmark,group:instruction-graph","1047995.0000,1047945.0000,1048957.0000,1046733.0000,1047384.0000,1049328.0000,1049288.0000,1048196.0000,1050711.0000,1045000.0000,1047424.0000,1046402.0000,1044489.0000,1045391.0000,1044539.0000,1047174.0000,1048086.0000,1045531.0000,1048226.0000,1047014.0000,1042515.0000,1044248.0000,1047234.0000,1046633.0000,1046283.0000,1048346.0000,1049929.0000,1046272.0000,1044930.0000,1051242.0000,1049007.0000,1050480.0000,1046493.0000,1047454.0000,1047445.0000,1047505.0000,1048176.0000,1044739.0000,1048216.0000,1047324.0000,1047845.0000,1046463.0000,1042906.0000,1047715.0000,1047785.0000,1048416.0000,1045311.0000,1042274.0000,1045530.0000,1045009.0000,1052003.0000,1045240.0000,1047875.0000,1049148.0000,1047905.0000,1044979.0000,1047405.0000,1049408.0000,1048236.0000,1044809.0000,1047314.0000,1047134.0000,1046643.0000,1046933.0000,1045370.0000,1048206.0000,1047715.0000,1047395.0000,1046182.0000,1046553.0000,1046222.0000,1052153.0000,1046803.0000,1065398.0000,1047325.0000,1046432.0000,1049798.0000,1051602.0000,1049559.0000,1050260.0000,1048867.0000,1048767.0000,1050330.0000,1047284.0000,1047384.0000,1050591.0000,1046713.0000,1052464.0000,1051513.0000,1045871.0000,1051072.0000,1051392.0000,1044810.0000,1049839.0000,1043928.0000,1044318.0000,1048897.0000,1052264.0000,1049198.0000,1046603.0000"
generating large instruction graphs for N devices without d2d copy support - 16,contracting tree topology,100,1,117314300,1162934.9300,1155321.9100,1168029.5100,31349.2110,22513.4123,40169.4083,"benchmark,group:instruction-graph","1067642.0000,1058345.0000,1174525.0000,1179475.0000,1169186.0000,1171169.0000,1170348.0000,1168023.0000,1197239.0000,1173934.0000,1172521.0000,1168825.0000,1169817.0000,1171279.0000,1178093.0000,1166660.0000,1167902.0000,1167772.0000,1171880.0000,1171470.0000,1179184.0000,1170507.0000,1168754.0000,1168544.0000,1166931.0000,1171349.0000,1178022.0000,1170918.0000,1169335.0000,1170457.0000,1165618.0000,1171189.0000,1174144.0000,1169186.0000,1170949.0000,1169145.0000,1169957.0000,1172312.0000,1183683.0000,1169085.0000,1175187.0000,1174816.0000,1173494.0000,1176629.0000,1173193.0000,1174215.0000,1172211.0000,1172261.0000,1172321.0000,1178914.0000,1171570.0000,1172301.0000,1172311.0000,1169225.0000,1172902.0000,1176990.0000,1169086.0000,1170688.0000,1170969.0000,1172412.0000,1170187.0000,1179746.0000,1173984.0000,1171761.0000,1172912.0000,1176789.0000,1186098.0000,1175728.0000,1172211.0000,1171069.0000,1171380.0000,1172702.0000,1182411.0000,1170117.0000,1168755.0000,1172010.0000,1170658.0000,1169987.0000,1177501.0000,1171059.0000,1167391.0000,1167141.0000,1171971.0000,1170438.0000,1175648.0000,1172021.0000,1168624.0000,1169065.0000,1172231.0000,1171890.0000,1178021.0000,1175457.0000,1174906.0000,1083844.0000,1067413.0000,1059357.0000,1056903.0000,1062182.0000,1065369.0000,1059487.0000"
generating large instruction graphs for N devices without d2d copy support - 16,wave_sim topology,100,1,525491600,5240574.1500,5238210.9500,5242888.2200,11937.1828,10754.7132,13386.7781,"benchmark,group:instruction-graph","5237881.0000,5241799.0000,5233052.0000,5234695.0000,5237581.0000,5235507.0000,5256046.0000,5258821.0000,5259432.0000,5235126.0000,5237220.0000,5245806.0000,5249854.0000,5236959.0000,5253981.0000,5256646.0000,5247890.0000,5250535.0000,5252910.0000,5253902.0000,5241488.0000,5237310.0000,5255585.0000,5250365.0000,5246197.0000,5247329.0000,5237561.0000,5254984.0000,5243411.0000,5234534.0000,5232861.0000,5219717.0000,5223024.0000,5220308.0000,5229485.0000,5221200.0000,5249674.0000,5230968.0000,5241789.0000,5239083.0000,5247009.0000,5262158.0000,5238171.0000,5221900.0000,5249593.0000,5235046.0000,5256878.0000,5242790.0000,5250706.0000,5248552.0000,5252819.0000,5235526.0000,5233002.0000,5224576.0000,5226680.0000,5228804.0000,5224746.0000,5213254.0000,5221030.0000,5227702.0000,5236548.0000,5257428.0000,5231349.0000,5224155.0000,5229916.0000,5260995.0000,5239354.0000,5228173.0000,5215709.0000,5221580.0000,5240486.0000,5229786.0000,5244152.0000,5250184.0000,5245115.0000,5240275.0000,5248581.0000,5242891.0000,5255485.0000,5228373.0000,5248973.0000,5244062.0000,5266495.0000,5258841.0000,5263459.0000,5241127.0000,5254012.0000,5239324.0000,5234024.0000,5228253.0000,5250886.0000,5233994.0000,5237140.0000,5231068.0000,5254372.0000,5242239.0000,5229385.0000,5228533.0000,5239354.0000,5247881.0000"
generating large instruction graphs for N devices without d2d copy support - 16,jacobi topology,100,1,148798800,1489407.7700,1488365.3600,1490482.1500,5385.8708,4800.4121,6321.7478,"benchmark,group:instruction-graph","1481317.0000,1487339.0000,1493060.0000,1494232.0000,1485395.0000,1490906.0000,1485415.0000,1495835.0000,1486317.0000,1495334.0000,1480897.0000,1490504.0000,1492388.0000,1506615.0000,1495053.0000,1500524.0000,1491476.0000,1498229.0000,1493811.0000,1496927.0000,1487890.0000,1491337.0000,1482920.0000,1492388.0000,1483882.0000,1493510.0000,1485034.0000,1496356.0000,1489242.0000,1497628.0000,1488872.0000,1484162.0000,1490775.0000,1482600.0000,1493771.0000,1483632.0000,1490495.0000,1484513.0000,1494252.0000,1486247.0000,1489423.0000,1481508.0000,1491577.0000,1484623.0000,1491576.0000,1488120.0000,1492889.0000,1500734.0000,1489964.0000,1483151.0000,1490765.0000,1483661.0000,1490665.0000,1486888.0000,1490244.0000,1483211.0000,1492839.0000,1482830.0000,1491096.0000,1482710.0000,1495534.0000,1484253.0000,1490154.0000,1481678.0000,1496095.0000,1488411.0000,1493170.0000,1488431.0000,1491336.0000,1485555.0000,1489142.0000,1483051.0000,1488621.0000,1485986.0000,1476959.0000,1491977.0000,1480024.0000,1490695.0000,1486888.0000,1496987.0000,1480967.0000,1491997.0000,1484563.0000,1492459.0000,1484383.0000,1491306.0000,1485775.0000,1493650.0000,1485575.0000,1494863.0000,1489312.0000,1498771.0000,1488180.0000,1496806.0000,1483983.0000,1492859.0000,1484844.0000,1489393.0000,1481247.0000,1495343.0000"
building command- and instruction graphs in a dedicated scheduler thread for N nodes - 1 > reference: single-threaded immediate graph generation,soup topology,100,1,160507700,1603622.7000,1602777.9400,1604592.3000,4624.3575,3920.6913,6497.7095,"benchmark,group:scheduler","1607977.0000,1603820.0000,1605152.0000,1606925.0000,1603118.0000,1596425.0000,1607446.0000,1607406.0000,1597818.0000,1606555.0000,1599551.0000,1603449.0000,1600754.0000,1599652.0000,1603860.0000,1598058.0000,1607697.0000,1602146.0000,1595213.0000,1607556.0000,1597758.0000,1601024.0000,1598820.0000,1607046.0000,1601084.0000,1595805.0000,1605503.0000,1600573.0000,1601656.0000,1604671.0000,1599451.0000,1604531.0000,1604791.0000,1601085.0000,1604681.0000,1609630.0000,1604611.0000,1601174.0000,1598760.0000,1612375.0000,1608338.0000,1610682.0000,1609640.0000,1600383.0000,1605864.0000,1602327.0000,1608408.0000,1605864.0000,1601966.0000,1607977.0000,1596906.0000,1602647.0000,1608839.0000,1595173.0000,1603840.0000,1598770.0000,1603819.0000,1607646.0000,1598449.0000,1607036.0000,1600082.0000,1609730.0000,1600624.0000,1598199.0000,1600744.0000,1594922.0000,1606594.0000,1608989.0000,1600634.0000,1607356.0000,1602597.0000,1596406.0000,1610633.0000,1600383.0000,1605493.0000,1605352.0000,1600143.0000,1602377.0000,1598529.0000,1607006.0000,1606685.0000,1600774.0000,1608088.0000,1604471.0000,1605312.0000,1606805.0000,1601746.0000,1606474.0000,1597017.0000,1604210.0000,1605382.0000,1602778.0000,1601816.0000,1604200.0000,1608148.0000,1609210.0000,1600473.0000,1625751.0000,1604881.0000,1601075.0000"
building command- and instruction graphs in a dedicated scheduler thread for N nodes - 1 > reference: single-threaded immediate graph generation,chain topology,100,1,8771500,87731.1800,87412.8900,88202.3700,1954.6270,1444.6745,2487.9961,"benchmark,group:scheduler","87213.0000,86983.0000,93025.0000,88035.0000,93225.0000,87574.0000,87414.0000,87233.0000,87153.0000,87654.0000,87404.0000,87254.0000,87624.0000,87294.0000,87334.0000,93165.0000,87814.0000,87204.0000,87554.0000,87204.0000,86912.0000,87113.0000,87434.0000,87173.0000,87264.0000,86873.0000,87003.0000,92744.0000,87224.0000,86973.0000,87033.0000,86893.0000,86772.0000,86752.0000,86823.0000,87254.0000,87053.0000,86793.0000,92744.0000,87053.0000,87344.0000,87083.0000,87224.0000,87123.0000,86843.0000,86702.0000,86743.0000,87133.0000,87244.0000,93836.0000,87494.0000,87033.0000,87064.0000,87173.0000,87424.0000,86873.0000,86953.0000,87043.0000,87003.0000,86953.0000,87113.0000,93245.0000,87083.0000,87194.0000,87293.0000,86973.0000,87034.0000,86722.0000,86853.0000,86823.0000,86903.0000,86893.0000,94818.0000,87334.0000,86762.0000,86853.0000,86843.0000,86833.0000,87063.0000,86813.0000,86662.0000,86883.0000,87244.0000,86813.0000,93625.0000,86913.0000,86673.0000,87103.0000,86893.0000,86993.0000,87194.0000,87013.0000,86683.0000,86923.0000,87223.0000,94668.0000,87424.0000,87233.0000,87023.0000,86953.0000"
building command- and instruction graphs in a dedicated scheduler thread for N nodes - 1 > reference: single-threaded immediate graph generation,expanding tree topology,100,1,14744700,162901.4600,162384.8900,163787.6000,3341.8242,2344.3099,5787.3069,"benchmark,group:scheduler","160582.0000,161324.0000,170221.0000,162957.0000,185109.0000,162647.0000,162266.0000,161394.0000,161725.0000,162095.0000,168647.0000,162175.0000,161996.0000,161584.0000,161425.0000,161644.0000,167757.0000,161554.0000,161435.0000,162095.0000,161294.0000,162116.0000,167596.0000,161585.0000,162416.0000,161845.0000,160913.0000,161465.0000,168507.0000,161063.0000,160733.0000,161725.0000,161334.0000,162186.0000,167846.0000,161895.0000,162145.0000,161574.0000,160813.0000,161354.0000,166523.0000,162626.0000,161254.0000,162066.0000,161975.0000,160903.0000,160813.0000,168297.0000,162025.0000,161745.0000,161074.0000,162085.0000,160913.0000,168538.0000,162045.0000,161354.0000,161033.0000,161815.0000,160994.0000,167285.0000,161625.0000,161865.0000,161124.0000,161905.0000,161424.0000,168298.0000,161724.0000,162015.0000,161214.0000,161625.0000,161604.0000,167787.0000,162015.0000,161585.0000,161454.0000,162005.0000,161003.0000,167736.0000,162306.0000,161595.0000,161775.0000,161584.0000,161273.0000,161624.0000,169139.0000,161505.0000,161634.0000,161064.0000,161414.0000,160904.0000,168507.0000,161103.0000,161254.0000,161735.0000,161354.0000,162086.0000,169028.0000,161945.0000,160913.0000,161996.0000"
building command- and instruction graphs in a dedicated scheduler thread for N nodes - 1 > reference: single-threaded immediate graph generation,contracting tree topology,100,1,19222300,192956.4400,192432.8700,193620.8000,2995.0448,2500.3462,3574.1840,"benchmark,group:scheduler","197883.0000,190890.0000,203023.0000,191591.0000,191912.0000,190870.0000,191101.0000,199496.0000,191912.0000,192182.0000,192213.0000,191511.0000,199166.0000,192473.0000,192292.0000,191612.0000,192243.0000,198554.0000,192002.0000,191411.0000,191832.0000,191752.0000,202071.0000,192634.0000,191912.0000,191722.0000,191401.0000,198104.0000,192383.0000,191471.0000,191181.0000,192152.0000,191862.0000,200498.0000,192132.0000,190599.0000,191521.0000,191250.0000,198114.0000,190379.0000,191711.0000,190760.0000,191291.0000,199156.0000,191562.0000,191591.0000,191652.0000,190960.0000,197703.0000,191762.0000,191411.0000,190670.0000,191121.0000,197703.0000,192173.0000,192904.0000,191721.0000,191761.0000,196742.0000,192312.0000,191581.0000,191411.0000,189868.0000,190198.0000,198644.0000,191632.0000,191020.0000,191180.0000,190369.0000,196971.0000,191822.0000,190339.0000,190690.0000,191261.0000,197944.0000,192222.0000,192032.0000,191291.0000,190329.0000,197984.0000,191571.0000,191401.0000,191041.0000,190940.0000,197423.0000,192102.0000,191972.0000,191220.0000,191862.0000,191561.0000,198755.0000,192333.0000,191591.0000,191140.0000,191982.0000,197412.0000,193034.0000,190730.0000,192333.0000,190480.0000"
building command- and instruction graphs in a dedicated scheduler thread for N nodes - 1 > reference: single-threaded immediate graph generation,wave_sim topology,100,1,81170400,900893.8800,887993.1400,912532.9700,62289.5660,56424.4611,66092.4941,"benchmark,group:scheduler","942716.0000,943227.0000,851433.0000,818861.0000,809083.0000,814062.0000,810184.0000,809945.0000,801027.0000,812328.0000,809573.0000,807519.0000,811837.0000,802570.0000,810034.0000,812338.0000,808721.0000,812289.0000,803592.0000,810385.0000,808562.0000,806988.0000,815825.0000,805265.0000,804183.0000,807229.0000,806337.0000,807790.0000,806809.0000,802259.0000,808472.0000,806958.0000,809243.0000,822257.0000,942996.0000,936674.0000,945811.0000,942987.0000,942044.0000,942265.0000,944048.0000,958566.0000,942145.0000,947024.0000,946603.0000,944399.0000,947244.0000,945732.0000,943718.0000,944138.0000,942696.0000,943447.0000,943848.0000,937115.0000,944259.0000,942595.0000,943988.0000,944820.0000,946463.0000,944098.0000,944369.0000,943317.0000,942605.0000,942305.0000,944980.0000,944469.0000,946423.0000,942105.0000,941854.0000,941764.0000,942796.0000,937365.0000,941113.0000,944389.0000,944981.0000,943076.0000,945211.0000,943898.0000,944109.0000,941974.0000,941354.0000,943998.0000,946383.0000,946894.0000,946092.0000,943888.0000,943928.0000,944940.0000,943788.0000,940792.0000,940753.0000,939129.0000,942034.0000,943927.0000,940221.0000,939700.0000,942846.0000,942666.0000,943157.0000,940171.0000"
building command- and instruction graphs in a dedicated scheduler thread for N nodes - 1 > reference: single-threaded immediate graph generation,jacobi topology,100,1,28643800,297329.1200,296769.7700,298015.7200,3157.8053,2746.4515,4185.1504,"benchmark,group:scheduler","301229.0000,296149.0000,311289.0000,295719.0000,295528.0000,302401.0000,296541.0000,295268.0000,295428.0000,300909.0000,295168.0000,293625.0000,302452.0000,296180.0000,295689.0000,295087.0000,301960.0000,295789.0000,295408.0000,302472.0000,295448.0000,296711.0000,301149.0000,295749.0000,295429.0000,295268.0000,301329.0000,295648.0000,296260.0000,302161.0000,296089.0000,296120.0000,301740.0000,296169.0000,296461.0000,295568.0000,301459.0000,295428.0000,294126.0000,301830.0000,295889.0000,295799.0000,300999.0000,295358.0000,295910.0000,294486.0000,301380.0000,295418.0000,294566.0000,301711.0000,295468.0000,295639.0000,300307.0000,296019.0000,294497.0000,294757.0000,302101.0000,295348.0000,295308.0000,301319.0000,295529.0000,295328.0000,294477.0000,300357.0000,295388.0000,295538.0000,301059.0000,294717.0000,295107.0000,301019.0000,294897.0000,295048.0000,294997.0000,301520.0000,295579.0000,295889.0000,301589.0000,296300.0000,294857.0000,301610.0000,295659.0000,295128.0000,295328.0000,301109.0000,294256.0000,294697.0000,301189.0000,294797.0000,295659.0000,295809.0000,301349.0000,296010.0000,295608.0000,302611.0000,295688.0000,294596.0000,301390.0000,295519.0000,294416.0000,294577.0000"
building command- and instruction graphs in a dedicated scheduler thread for N nodes - 1 > immediate submission to a scheduler thread,soup topology,100,1,380207700,3836639.7700,3812910.2400,3887499.6300,169778.5361,85593.4601,284189.8596,"benchmark,group:scheduler","3805625.0000,3777442.0000,3806988.0000,3808460.0000,3770268.0000,3804352.0000,3802109.0000,3862673.0000,3773174.0000,3833368.0000,3803050.0000,3784996.0000,3788994.0000,4965775.0000,4294322.0000,3804964.0000,3802409.0000,3774766.0000,3804102.0000,3774106.0000,3804262.0000,3807248.0000,3799584.0000,3802709.0000,3804674.0000,3773684.0000,3809132.0000,3768375.0000,3804803.0000,3802199.0000,3790837.0000,3801488.0000,4755136.0000,4468872.0000,3860138.0000,3774667.0000,3862643.0000,3774296.0000,3804503.0000,3770839.0000,3776851.0000,3803952.0000,3802690.0000,3804583.0000,3777411.0000,3800565.0000,3801427.0000,3862953.0000,3802779.0000,3861010.0000,3775307.0000,3804092.0000,3803551.0000,3803591.0000,3802740.0000,3774035.0000,3803081.0000,3803140.0000,3805425.0000,3800686.0000,3805274.0000,3803951.0000,3802709.0000,3862964.0000,3799905.0000,3810253.0000,3796718.0000,3804152.0000,3831294.0000,3862694.0000,3775067.0000,3772051.0000,3805505.0000,3802269.0000,3802490.0000,3780096.0000,3799373.0000,3830602.0000,3864307.0000,3801116.0000,3805094.0000,3773674.0000,3805225.0000,3831133.0000,3862963.0000,3772522.0000,3804964.0000,3802409.0000,3804092.0000,3801738.0000,3806016.0000,3808140.0000,3797880.0000,3803310.0000,3803852.0000,3803431.0000,3810004.0000,3796317.0000,3805876.0000,3800646.0000"
building command- and instruction graphs in a dedicated scheduler thread for N nodes - 1 > immediate submission to a scheduler thread,chain topology,100,1,24170600,244619.3300,241778.6100,247641.7300,14992.7050,14296.4970,16718.7283,"benchmark,group:scheduler","262305.0000,261043.0000,284297.0000,260091.0000,231867.0000,234843.0000,230004.0000,261033.0000,261133.0000,235675.0000,228471.0000,232499.0000,261374.0000,265622.0000,227860.0000,231817.0000,232109.0000,261714.0000,261594.0000,231788.0000,231818.0000,232298.0000,232049.0000,261704.0000,261514.0000,231738.0000,231847.0000,261874.0000,261374.0000,231537.0000,232339.0000,261524.0000,261414.0000,231427.0000,232359.0000,261694.0000,261354.0000,231888.0000,232018.0000,261364.0000,261514.0000,232329.0000,231407.0000,232158.0000,232489.0000,262215.0000,260583.0000,231737.0000,232339.0000,232730.0000,235504.0000,257827.0000,261063.0000,231878.0000,232729.0000,231968.0000,261534.0000,261184.0000,232228.0000,231558.0000,232408.0000,261734.0000,261364.0000,231777.0000,231847.0000,232139.0000,261914.0000,262085.0000,230745.0000,232408.0000,232179.0000,261694.0000,261244.0000,231858.0000,232068.0000,261825.0000,260792.0000,232209.0000,231888.0000,232759.0000,261334.0000,261103.0000,231938.0000,231798.0000,232740.0000,261504.0000,261013.0000,231717.0000,232660.0000,231797.0000,261694.0000,260833.0000,232429.0000,231938.0000,232228.0000,265672.0000,257336.0000,231978.0000,231928.0000,232109.0000"
building command- and instruction graphs in a dedicated scheduler thread for N nodes - 1 > immediate submission to a scheduler thread,expanding tree topology,100,1,44425300,444625.4500,442058.6000,447464.9500,13779.1802,12494.7261,14603.9918,"benchmark,group:scheduler","435735.0000,434943.0000,456935.0000,435133.0000,465621.0000,434281.0000,435033.0000,465180.0000,435013.0000,435184.0000,464960.0000,434372.0000,436265.0000,464770.0000,434913.0000,435704.0000,464048.0000,435474.0000,434863.0000,464869.0000,434732.0000,435434.0000,465822.0000,434472.0000,435614.0000,465040.0000,434913.0000,435184.0000,464689.0000,435554.0000,434803.0000,465882.0000,434021.0000,435504.0000,465211.0000,435203.0000,435104.0000,464278.0000,435594.0000,435253.0000,435544.0000,465080.0000,434341.0000,436166.0000,464348.0000,435323.0000,438209.0000,432439.0000,465310.0000,434823.0000,435454.0000,464780.0000,464429.0000,434973.0000,434903.0000,465561.0000,434472.0000,435484.0000,435775.0000,464809.0000,435284.0000,435284.0000,464929.0000,434432.0000,435995.0000,435083.0000,435233.0000,465751.0000,434342.0000,435774.0000,464449.0000,435414.0000,435023.0000,464488.0000,435524.0000,435694.0000,435444.0000,464529.0000,435144.0000,435263.0000,465010.0000,434803.0000,438229.0000,433000.0000,464950.0000,434862.0000,435213.0000,464990.0000,464279.0000,435263.0000,435685.0000,463888.0000,435433.0000,435253.0000,435694.0000,465480.0000,434953.0000,435103.0000,464489.0000,435063.0000"
building command- and instruction graphs in a dedicated scheduler thread for N nodes - 1 > immediate submission to a scheduler thread,contracting tree topology,100,1,66788700,663160.5900,660709.3300,665020.1700,10795.4079,8672.4837,12699.7153,"benchmark,group:scheduler","667995.0000,667785.0000,649820.0000,667925.0000,667204.0000,638579.0000,668005.0000,667795.0000,638228.0000,667244.0000,668596.0000,638319.0000,667113.0000,668546.0000,637998.0000,667754.0000,668375.0000,638118.0000,667514.0000,668265.0000,637918.0000,668045.0000,668466.0000,637678.0000,668055.0000,668365.0000,637687.0000,668015.0000,668035.0000,637988.0000,668236.0000,667033.0000,639080.0000,667474.0000,668767.0000,637407.0000,667874.0000,668385.0000,667053.0000,668034.0000,667704.0000,667153.0000,667804.0000,672173.0000,634361.0000,667274.0000,668706.0000,637888.0000,667384.0000,668666.0000,667183.0000,667314.0000,668336.0000,638449.0000,667614.0000,668175.0000,667474.0000,667564.0000,668155.0000,667003.0000,668195.0000,667594.0000,667614.0000,667434.0000,668516.0000,667163.0000,666933.0000,668726.0000,668626.0000,666692.0000,668156.0000,666842.0000,667584.0000,668345.0000,638589.0000,667164.0000,668486.0000,666882.0000,667724.0000,668446.0000,666913.0000,667844.0000,668556.0000,666552.0000,668075.0000,668346.0000,667744.0000,667134.0000,667764.0000,667284.0000,668035.0000,667454.0000,667965.0000,667243.0000,668035.0000,668295.0000,666893.0000,667865.0000,667724.0000,667474.0000"
building command- and instruction graphs in a dedicated scheduler thread for N nodes - 1 > immediate submission to a scheduler thread,wave_sim topology,100,1,218616900,2161203.2300,2142124.5500,2176502.5600,86903.3661,72058.7308,100191.4241,"benchmark,group:scheduler","1970916.0000,2022333.0000,2219397.0000,2236099.0000,2205320.0000,2236329.0000,2177227.0000,2239745.0000,2172548.0000,2179832.0000,2175795.0000,2178389.0000,2176917.0000,2176776.0000,2178389.0000,2177207.0000,2177348.0000,2178028.0000,2209829.0000,2173340.0000,2177678.0000,2178079.0000,2177788.0000,2176646.0000,2176415.0000,2179751.0000,2176535.0000,2211643.0000,2185362.0000,2207134.0000,2211773.0000,2178309.0000,2206192.0000,2235908.0000,2177046.0000,2236620.0000,2203847.0000,2240887.0000,2201012.0000,2206131.0000,2238042.0000,2176185.0000,2177838.0000,2205740.0000,2235176.0000,2206091.0000,2236019.0000,2209719.0000,2203757.0000,2235247.0000,2236098.0000,2205791.0000,2208165.0000,2175624.0000,2235758.0000,2177728.0000,2236709.0000,2205300.0000,2237271.0000,2204489.0000,2178018.0000,2206713.0000,2209989.0000,2174161.0000,2177517.0000,2177397.0000,2240858.0000,2201443.0000,2177798.0000,2205962.0000,2177477.0000,2177909.0000,2210490.0000,2202485.0000,2235157.0000,2177688.0000,2178780.0000,2205531.0000,2235778.0000,2176966.0000,2177889.0000,2207053.0000,2206622.0000,2205380.0000,2149735.0000,1967630.0000,1969082.0000,1969794.0000,1971026.0000,1966046.0000,1976175.0000,1969233.0000,1962710.0000,1993739.0000,1969703.0000,1967770.0000,1972329.0000,1974352.0000,1991254.0000,1971417.0000"
building command- and instruction graphs in a dedicated scheduler thread for N nodes - 1 > immediate submission to a scheduler thread,jacobi topology,100,1,83250500,837025.0300,832517.6500,841738.5400,23561.8330,21667.7255,25406.8289,"benchmark,group:scheduler","812639.0000,813200.0000,817809.0000,872322.0000,839590.0000,842315.0000,813130.0000,842035.0000,812789.0000,812549.0000,841494.0000,872042.0000,840642.0000,871500.0000,813090.0000,812809.0000,841324.0000,872573.0000,839961.0000,842185.0000,813581.0000,812579.0000,813380.0000,871541.0000,840081.0000,843157.0000,813490.0000,811907.0000,812528.0000,872071.0000,840832.0000,842236.0000,813210.0000,812569.0000,841263.0000,872482.0000,840803.0000,870910.0000,816837.0000,808912.0000,843037.0000,870940.0000,841945.0000,870429.0000,870659.0000,812860.0000,812819.0000,871310.0000,841815.0000,870539.0000,871200.0000,817859.0000,807570.0000,843358.0000,839991.0000,871981.0000,841093.0000,871330.0000,813431.0000,812188.0000,842095.0000,871711.0000,841083.0000,871010.0000,812569.0000,813090.0000,842777.0000,871641.0000,811417.0000,842045.0000,813140.0000,812840.0000,841574.0000,872413.0000,811116.0000,842506.0000,812860.0000,813040.0000,840943.0000,872592.0000,811777.0000,813090.0000,813110.0000,813110.0000,841343.0000,872653.0000,810805.0000,842937.0000,811687.0000,842225.0000,813100.0000,872833.0000,840071.0000,870940.0000,812759.0000,813221.0000,841494.0000,872272.0000,811367.0000,842526.0000"
building command- and instruction graphs in a dedicated scheduler thread for N nodes - 1 > reference: throttled single-threaded graph generation at 10 us per task,soup topology,100,1,260566900,2611463.9900,2610365.6800,2613040.7800,6635.0668,5012.6621,9885.8102,"benchmark,group:scheduler","2615668.0000,2608475.0000,2635065.0000,2609316.0000,2608986.0000,2608435.0000,2617191.0000,2607233.0000,2613905.0000,2605740.0000,2613494.0000,2606852.0000,2608114.0000,2608525.0000,2608435.0000,2607353.0000,2605890.0000,2611580.0000,2615308.0000,2614516.0000,2607893.0000,2609357.0000,2601251.0000,2608555.0000,2610990.0000,2608975.0000,2604206.0000,2612262.0000,2612102.0000,2607924.0000,2606942.0000,2613695.0000,2607713.0000,2601582.0000,2611731.0000,2611771.0000,2618234.0000,2610588.0000,2610208.0000,2610198.0000,2624214.0000,2606661.0000,2617221.0000,2611782.0000,2609727.0000,2613594.0000,2604938.0000,2607593.0000,2621950.0000,2608104.0000,2612593.0000,2613354.0000,2612122.0000,2613825.0000,2609266.0000,2614847.0000,2616030.0000,2609166.0000,2613644.0000,2647859.0000,2613124.0000,2612292.0000,2612793.0000,2610609.0000,2616830.0000,2610128.0000,2614476.0000,2602143.0000,2600740.0000,2607623.0000,2606461.0000,2608335.0000,2609577.0000,2608384.0000,2618123.0000,2608094.0000,2606080.0000,2608735.0000,2631238.0000,2614055.0000,2612823.0000,2608896.0000,2616209.0000,2605398.0000,2621490.0000,2610168.0000,2613615.0000,2621599.0000,2611340.0000,2606220.0000,2614095.0000,2599768.0000,2607313.0000,2606150.0000,2612973.0000,2607773.0000,2610127.0000,2619485.0000,2606201.0000,2610168.0000"
building command- and instruction graphs in a dedicated scheduler thread for N nodes - 1 > reference: throttled single-threaded graph generation at 10 us per task,chain topology,100,1,37934200,379906.0300,379632.2000,380316.5000,1690.1973,1290.5096,2517.7827,"benchmark,group:scheduler","379357.0000,379197.0000,389266.0000,379949.0000,379348.0000,382393.0000,379788.0000,379949.0000,379668.0000,379167.0000,379708.0000,379257.0000,384397.0000,379858.0000,379077.0000,384658.0000,379438.0000,379097.0000,383124.0000,378886.0000,378967.0000,378917.0000,379047.0000,380890.0000,378947.0000,378776.0000,382213.0000,379198.0000,379207.0000,379137.0000,378837.0000,383465.0000,378937.0000,378616.0000,380229.0000,378666.0000,379107.0000,378867.0000,378175.0000,382544.0000,379027.0000,379207.0000,379267.0000,378756.0000,381061.0000,378826.0000,378546.0000,383496.0000,378997.0000,378656.0000,378846.0000,378486.0000,382374.0000,379097.0000,378946.0000,383395.0000,379297.0000,379257.0000,379417.0000,379468.0000,379999.0000,379277.0000,383716.0000,380139.0000,379227.0000,379368.0000,378906.0000,378997.0000,379678.0000,379148.0000,379568.0000,379477.0000,379248.0000,379688.0000,379257.0000,378656.0000,380880.0000,379588.0000,380119.0000,379428.0000,379037.0000,379778.0000,379578.0000,379237.0000,381041.0000,379518.0000,379418.0000,379227.0000,379137.0000,379949.0000,379367.0000,379548.0000,379769.0000,379497.0000,379047.0000,379027.0000,379047.0000,383746.0000,379338.0000,379187.0000"
building command- and instruction graphs in a dedicated scheduler thread for N nodes - 1 > reference: throttled single-threaded graph generation at 10 us per task,expanding tree topology,100,1,46737800,466865.7700,466401.5200,467383.8400,2503.6511,2229.0648,2761.4091,"benchmark,group:scheduler","465691.0000,464719.0000,469248.0000,472865.0000,464609.0000,471172.0000,465110.0000,464289.0000,465992.0000,465871.0000,471412.0000,465110.0000,465801.0000,465191.0000,470290.0000,465350.0000,470500.0000,465280.0000,466864.0000,466302.0000,468727.0000,465411.0000,463978.0000,471032.0000,465490.0000,466582.0000,465611.0000,470710.0000,464949.0000,466283.0000,465170.0000,469028.0000,464639.0000,470621.0000,465571.0000,465330.0000,464228.0000,464549.0000,470501.0000,464218.0000,465751.0000,464338.0000,471803.0000,464940.0000,465802.0000,465761.0000,471472.0000,464750.0000,470230.0000,464899.0000,466322.0000,465451.0000,464840.0000,470330.0000,465521.0000,466633.0000,465741.0000,469739.0000,465882.0000,471552.0000,464559.0000,465561.0000,464559.0000,470871.0000,465120.0000,471171.0000,466252.0000,465591.0000,470621.0000,464869.0000,466402.0000,464669.0000,465911.0000,464770.0000,469959.0000,465020.0000,471452.0000,466212.0000,470470.0000,465972.0000,465601.0000,465631.0000,465020.0000,471823.0000,464629.0000,466452.0000,465171.0000,470320.0000,464950.0000,470500.0000,465441.0000,465861.0000,464869.0000,470120.0000,464629.0000,465581.0000,464840.0000,465321.0000,469167.0000,464589.0000"
building command- and instruction graphs in a dedicated scheduler thread for N nodes - 1 > reference: throttled single-threaded graph generation at 10 us per task,contracting tree topology,100,1,49521100,495143.2700,494645.6100,495829.5800,2946.5571,2378.3487,4314.3784,"benchmark,group:scheduler","494626.0000,500397.0000,510857.0000,494305.0000,500227.0000,494506.0000,494466.0000,493854.0000,494325.0000,492713.0000,499405.0000,493925.0000,494415.0000,493965.0000,499987.0000,493914.0000,492351.0000,498784.0000,493454.0000,493554.0000,492872.0000,493975.0000,492943.0000,494536.0000,492222.0000,498914.0000,493604.0000,495017.0000,492543.0000,494405.0000,493685.0000,499846.0000,492221.0000,495759.0000,493674.0000,493674.0000,492231.0000,500447.0000,493635.0000,493995.0000,492933.0000,499795.0000,493534.0000,493343.0000,493094.0000,500848.0000,493183.0000,495127.0000,493354.0000,497922.0000,492352.0000,495217.0000,492322.0000,494556.0000,493003.0000,499175.0000,492051.0000,493284.0000,493504.0000,498443.0000,493814.0000,495879.0000,493003.0000,499706.0000,493003.0000,493854.0000,493344.0000,501209.0000,494115.0000,495087.0000,493865.0000,498994.0000,492803.0000,496820.0000,494075.0000,493625.0000,493434.0000,499615.0000,494386.0000,494586.0000,494005.0000,492833.0000,493404.0000,499345.0000,493163.0000,496560.0000,495307.0000,499065.0000,493063.0000,495678.0000,494065.0000,494366.0000,493304.0000,499655.0000,494395.0000,494616.0000,493094.0000,494115.0000,493364.0000,494445.0000"
building command- and instruction graphs in a dedicated scheduler thread for N nodes - 1 > reference: throttled single-threaded graph generation at 10 us per task,wave_sim topology,100,1,298734900,2993104.9700,2987616.9700,3017562.7200,50106.1348,7804.7482,117947.0097,"benchmark,group:scheduler","2984718.0000,3003123.0000,3027500.0000,3005357.0000,2988696.0000,2984348.0000,2987784.0000,2982194.0000,2985019.0000,2989487.0000,2985539.0000,2984197.0000,2983406.0000,2985650.0000,2987113.0000,2998214.0000,2983476.0000,2988526.0000,2986732.0000,2996160.0000,2986912.0000,2986000.0000,2982574.0000,2986482.0000,2987984.0000,2998224.0000,2984328.0000,2984989.0000,2984548.0000,2985310.0000,2984638.0000,2986732.0000,2983266.0000,2985560.0000,2986802.0000,2998184.0000,2984989.0000,2987844.0000,2984128.0000,2985159.0000,2985550.0000,2983977.0000,2987965.0000,2984087.0000,2984778.0000,2985240.0000,2985209.0000,2985911.0000,2982895.0000,2985900.0000,2986392.0000,2984949.0000,2985339.0000,2985149.0000,2983847.0000,2986321.0000,2985370.0000,2985169.0000,2986371.0000,2984718.0000,2985279.0000,2985138.0000,2985590.0000,2984778.0000,2985640.0000,2986461.0000,2981122.0000,2997162.0000,3003684.0000,2995018.0000,2987073.0000,2984738.0000,2988776.0000,2988635.0000,3038850.0000,3483584.0000,3031006.0000,2984228.0000,2988465.0000,2984487.0000,2984587.0000,2985810.0000,2984668.0000,2985710.0000,2983706.0000,2986342.0000,2986141.0000,2983646.0000,2984358.0000,2988155.0000,2983646.0000,2984058.0000,2987413.0000,2984137.0000,2985260.0000,2986211.0000,2984428.0000,2985821.0000,2985199.0000,2984458.0000"
building command- and instruction graphs in a dedicated scheduler thread for N nodes - 1 > reference: throttled single-threaded graph generation at 10 us per task,jacobi topology,100,1,80299800,803494.0200,802827.2200,804482.7400,4064.5963,3032.5155,6377.4373,"benchmark,group:scheduler","806558.0000,800356.0000,815154.0000,807309.0000,801217.0000,807058.0000,799775.0000,801879.0000,805806.0000,801769.0000,807570.0000,800927.0000,800406.0000,806116.0000,805235.0000,801317.0000,805054.0000,800456.0000,804543.0000,806768.0000,800045.0000,805435.0000,799594.0000,802861.0000,807309.0000,800797.0000,807259.0000,801448.0000,801167.0000,805306.0000,827247.0000,801498.0000,800616.0000,804234.0000,800115.0000,805135.0000,800346.0000,798923.0000,800847.0000,806678.0000,800426.0000,806057.0000,801137.0000,817559.0000,805476.0000,800346.0000,805736.0000,799604.0000,802791.0000,807850.0000,800847.0000,806878.0000,800677.0000,800867.0000,806588.0000,799584.0000,806107.0000,798703.0000,802590.0000,805425.0000,800566.0000,805716.0000,799454.0000,803913.0000,805325.0000,801038.0000,805646.0000,806006.0000,801829.0000,805536.0000,805786.0000,801478.0000,804494.0000,799494.0000,804323.0000,799124.0000,805125.0000,800396.0000,799785.0000,801117.0000,805967.0000,805315.0000,800005.0000,800867.0000,800837.0000,805466.0000,800596.0000,804684.0000,799334.0000,802470.0000,806408.0000,801388.0000,806908.0000,799384.0000,800977.0000,805786.0000,800726.0000,805706.0000,799494.0000,803552.0000"
building command- and instruction graphs in a dedicated scheduler thread for N nodes - 1 > throttled submission to a scheduler thread at 10 us per task,soup topology,100,1,381726400,3865398.9000,3843662.1200,3909262.9500,149593.0019,78374.3521,233142.1804,"benchmark,group:scheduler","3834600.0000,3804282.0000,3848085.0000,3830712.0000,3802379.0000,3865970.0000,3829230.0000,3832636.0000,3860208.0000,3834220.0000,3830893.0000,3837966.0000,3827556.0000,3833849.0000,3831464.0000,3833268.0000,3803100.0000,3865319.0000,3827316.0000,3834440.0000,3832566.0000,3832707.0000,3801647.0000,3866441.0000,3828298.0000,3833248.0000,3831324.0000,3833868.0000,3801808.0000,3866291.0000,3828608.0000,3833267.0000,3854317.0000,3886869.0000,4596685.0000,4761027.0000,3831443.0000,3833397.0000,3831153.0000,3861151.0000,3834780.0000,3830683.0000,3833508.0000,3831735.0000,3832526.0000,3835401.0000,3833418.0000,3831284.0000,3851102.0000,3830262.0000,3830792.0000,3804462.0000,3837114.0000,3826775.0000,3863435.0000,3829781.0000,3832646.0000,3803612.0000,3834510.0000,3830552.0000,3834650.0000,3830172.0000,3832546.0000,3831975.0000,3835291.0000,3829631.0000,3833668.0000,3832647.0000,3830873.0000,3804423.0000,3833939.0000,3843246.0000,3848877.0000,4509940.0000,4470737.0000,3831484.0000,3836774.0000,3828127.0000,3833798.0000,3831164.0000,3834510.0000,3830873.0000,3836293.0000,3827787.0000,3833929.0000,3831695.0000,3921946.0000,3859227.0000,3833548.0000,3830833.0000,3833618.0000,3832296.0000,3891318.0000,3831374.0000,3834309.0000,3805205.0000,3805675.0000,3855991.0000,3833778.0000,3859737.0000"
building command- and instruction graphs in a dedicated scheduler thread for N nodes - 1 > throttled submission to a scheduler thread at 10 us per task,chain topology,100,1,40500500,401859.2100,398977.2000,404578.2900,14343.6998,12318.7960,16651.3122,"benchmark,group:scheduler","406599.0000,377264.0000,391010.0000,378546.0000,375721.0000,377474.0000,406058.0000,406439.0000,410526.0000,431296.0000,406619.0000,406278.0000,406368.0000,406259.0000,406689.0000,406219.0000,406659.0000,406229.0000,406138.0000,406830.0000,406348.0000,406448.0000,377323.0000,406028.0000,406620.0000,406068.0000,377805.0000,406058.0000,406449.0000,406859.0000,405957.0000,406669.0000,406539.0000,377654.0000,376863.0000,377414.0000,377364.0000,406319.0000,377424.0000,435303.0000,406379.0000,406669.0000,406258.0000,406479.0000,403904.0000,435404.0000,406609.0000,406018.0000,406509.0000,406359.0000,406619.0000,406258.0000,406158.0000,407130.0000,405858.0000,410206.0000,431617.0000,406419.0000,406599.0000,377434.0000,406890.0000,376843.0000,406278.0000,406379.0000,406198.0000,406629.0000,406128.0000,406519.0000,406659.0000,405998.0000,435564.0000,406509.0000,406399.0000,377303.0000,377463.0000,407350.0000,405387.0000,377214.0000,406839.0000,377033.0000,435183.0000,406669.0000,406409.0000,406379.0000,406169.0000,378245.0000,405888.0000,406198.0000,406338.0000,406579.0000,377313.0000,406259.0000,406509.0000,406579.0000,377264.0000,406098.0000,406700.0000,406308.0000,377114.0000,406519.0000"
building command- and instruction graphs in a dedicated scheduler thread for N nodes - 1 > throttled submission to a scheduler thread at 10 us per task,expanding tree topology,100,1,48613500,472164.1800,467424.0400,476473.6000,23256.3818,20791.8799,26039.5802,"benchmark,group:scheduler","464118.0000,464159.0000,501439.0000,489236.0000,498694.0000,490488.0000,493534.0000,488765.0000,494606.0000,491791.0000,494596.0000,489346.0000,496760.0000,489726.0000,497701.0000,491159.0000,498193.0000,489807.0000,498504.0000,487663.0000,498033.0000,491360.0000,497692.0000,489085.0000,497020.0000,489186.0000,498764.0000,490348.0000,495158.0000,489035.0000,499446.0000,488444.0000,495368.0000,488775.0000,497422.0000,489747.0000,496169.0000,488554.0000,509514.0000,489196.0000,497512.0000,489566.0000,499305.0000,431135.0000,431877.0000,440734.0000,430915.0000,427579.0000,421267.0000,433100.0000,421217.0000,432628.0000,443028.0000,433971.0000,423451.0000,421057.0000,434542.0000,444401.0000,450312.0000,426818.0000,439431.0000,464169.0000,464208.0000,464670.0000,464158.0000,464599.0000,464188.0000,464759.0000,464368.0000,464980.0000,464119.0000,464379.0000,464268.0000,464439.0000,464419.0000,468056.0000,458377.0000,464770.0000,464509.0000,464128.0000,464458.0000,464599.0000,462074.0000,464169.0000,465040.0000,464308.0000,464228.0000,464499.0000,464639.0000,493874.0000,492833.0000,494045.0000,464248.0000,464359.0000,464389.0000,464279.0000,493464.0000,493414.0000,465150.0000,464339.0000"
building command- and instruction graphs in a dedicated scheduler thread for N nodes - 1 > throttled submission to a scheduler thread at 10 us per task,contracting tree topology,100,1,66686200,645131.9200,638378.2000,650919.2600,31852.1302,27155.2547,37402.6363,"benchmark,group:scheduler","668235.0000,637778.0000,666422.0000,666812.0000,698563.0000,695187.0000,667724.0000,667775.0000,667514.0000,696068.0000,668556.0000,671432.0000,634561.0000,668045.0000,667323.0000,667995.0000,667745.0000,667504.0000,668135.0000,667274.0000,667544.0000,668035.0000,668506.0000,666832.0000,667724.0000,667644.0000,667494.0000,667995.0000,667704.0000,667824.0000,667715.0000,667844.0000,670310.0000,664758.0000,667704.0000,587452.0000,585529.0000,612399.0000,612309.0000,582543.0000,558587.0000,585068.0000,612921.0000,584867.0000,585228.0000,558948.0000,611949.0000,559719.0000,584817.0000,585799.0000,558788.0000,612119.0000,626506.0000,638219.0000,668936.0000,637518.0000,639120.0000,638529.0000,638749.0000,639230.0000,638228.0000,638368.0000,639371.0000,666953.0000,638860.0000,638839.0000,638650.0000,668035.0000,638018.0000,638759.0000,638890.0000,668977.0000,637657.0000,638419.0000,638509.0000,667474.0000,668296.0000,668215.0000,666252.0000,639160.0000,668065.0000,638239.0000,668526.0000,641535.0000,635333.0000,697310.0000,642347.0000,634571.0000,638519.0000,638179.0000,639982.0000,697380.0000,636906.0000,638870.0000,668245.0000,637887.0000,668807.0000,666973.0000,639270.0000,638188.0000"
building command- and instruction graphs in a dedicated scheduler thread for N nodes - 1 > throttled submission to a scheduler thread at 10 us per task,wave_sim topology,100,1,259001000,2622172.1100,2612176.3800,2631461.6000,49346.2218,43678.8273,57279.2700,"benchmark,group:scheduler","2584920.0000,2582877.0000,2606491.0000,2580121.0000,2612262.0000,2584238.0000,2612552.0000,2590541.0000,2577696.0000,2583908.0000,2613224.0000,2583698.0000,2584700.0000,2583738.0000,2584229.0000,2583677.0000,2583948.0000,2584590.0000,2611831.0000,2585020.0000,2583517.0000,2612733.0000,2584239.0000,2584970.0000,2589308.0000,2578127.0000,2581172.0000,2584058.0000,2583888.0000,2613474.0000,2583618.0000,2584219.0000,2583818.0000,2638441.0000,2683266.0000,2662708.0000,2669801.0000,2683667.0000,2674691.0000,2678247.0000,2713875.0000,2491132.0000,2505540.0000,2501752.0000,2584159.0000,2613194.0000,2612683.0000,2617602.0000,2579650.0000,2613013.0000,2612643.0000,2613314.0000,2613004.0000,2613073.0000,2584349.0000,2612833.0000,2583757.0000,2613274.0000,2592675.0000,2691572.0000,2670222.0000,2649954.0000,2663068.0000,2676003.0000,2658059.0000,2663500.0000,2676914.0000,2666595.0000,2657467.0000,2691503.0000,2656947.0000,2663238.0000,2675882.0000,2668158.0000,2662538.0000,2679489.0000,2659091.0000,2669190.0000,2677225.0000,2656506.0000,2665984.0000,2664651.0000,2660474.0000,2664741.0000,2685040.0000,2664501.0000,2661194.0000,2682986.0000,2664982.0000,2673749.0000,2666936.0000,2658760.0000,2661626.0000,2678547.0000,2655534.0000,2666314.0000,2522713.0000,2498766.0000,2493296.0000,2569551.0000"
building command- and instruction graphs in a dedicated scheduler thread for N nodes - 1 > throttled submission to a scheduler thread at 10 us per task,jacobi topology,100,1,82244700,844278.3800,840169.4400,848319.3600,20781.5140,18802.4135,22841.3241,"benchmark,group:scheduler","813070.0000,839680.0000,877743.0000,840021.0000,812650.0000,842255.0000,813271.0000,870859.0000,841885.0000,841664.0000,813411.0000,870459.0000,841474.0000,842025.0000,841835.0000,842315.0000,812740.0000,871210.0000,841965.0000,841163.0000,841985.0000,843678.0000,811527.0000,812789.0000,841795.0000,836825.0000,867944.0000,878093.0000,840442.0000,812409.0000,842576.0000,871241.0000,871080.0000,841073.0000,842416.0000,813280.0000,812749.0000,841404.0000,842466.0000,841394.0000,872242.0000,812429.0000,812188.0000,842426.0000,841454.0000,871531.0000,871531.0000,840783.0000,812789.0000,842045.0000,871261.0000,863956.0000,824462.0000,824983.0000,852364.0000,851273.0000,824281.0000,825113.0000,824902.0000,853085.0000,850921.0000,809273.0000,842446.0000,842015.0000,871611.0000,871230.0000,840932.0000,841854.0000,842255.0000,813150.0000,870799.0000,871281.0000,841764.0000,812048.0000,872142.0000,871010.0000,840962.0000,842215.0000,841754.0000,842296.0000,871020.0000,871090.0000,841404.0000,841333.0000,842106.0000,872673.0000,869817.0000,812990.0000,841424.0000,871301.0000,872062.0000,870318.0000,841464.0000,818400.0000,806898.0000,872082.0000,870569.0000,841424.0000,841814.0000,871732.0000"
building command- and instruction graphs in a dedicated scheduler thread for N nodes - 4 > reference: single-threaded immediate graph generation,soup topology,100,1,199478400,2013426.6000,1996535.1600,2055713.0500,118821.1958,4770.1616,215871.3819,"benchmark,group:scheduler","1993569.0000,1996554.0000,2008607.0000,1994701.0000,2001013.0000,1996725.0000,1991044.0000,1996023.0000,1994952.0000,1988208.0000,1994331.0000,1989400.0000,1995572.0000,1996204.0000,1998228.0000,1990512.0000,1995552.0000,1993559.0000,1995913.0000,1997136.0000,1996524.0000,1994651.0000,1990693.0000,1993048.0000,1995232.0000,1996865.0000,2003187.0000,1994250.0000,1995052.0000,1987126.0000,2004931.0000,1995192.0000,1992286.0000,1993639.0000,1994580.0000,1998017.0000,1994871.0000,1998969.0000,1997366.0000,1995593.0000,2002676.0000,1998087.0000,2002896.0000,2000511.0000,2001934.0000,1993118.0000,2002766.0000,1998928.0000,2009138.0000,1987337.0000,1995412.0000,1992136.0000,1996945.0000,2002466.0000,1991485.0000,1994160.0000,1994741.0000,1995142.0000,2827440.0000,2861274.0000,1995182.0000,1996614.0000,2001002.0000,1994089.0000,1996635.0000,1995072.0000,1995081.0000,1994420.0000,1998217.0000,1989030.0000,1999050.0000,1998177.0000,1988089.0000,1992617.0000,1995141.0000,1989571.0000,1994710.0000,2001073.0000,2000682.0000,1995242.0000,1998658.0000,1996795.0000,1997887.0000,1993368.0000,1998208.0000,1994140.0000,1985453.0000,1995954.0000,2000111.0000,1997085.0000,2000421.0000,1996064.0000,1998878.0000,1999009.0000,1998718.0000,1996635.0000,2005361.0000,2017414.0000,1997596.0000,1996744.0000"
building command- and instruction graphs in a dedicated scheduler thread for N nodes - 4 > reference: single-threaded immediate graph generation,chain topology,100,1,36206600,358608.8500,357948.9400,359326.3400,3505.5680,3244.8791,3847.9113,"benchmark,group:scheduler","355713.0000,362155.0000,363798.0000,364730.0000,355923.0000,356735.0000,364389.0000,356514.0000,356565.0000,362726.0000,355692.0000,361413.0000,355933.0000,356374.0000,363147.0000,356194.0000,356705.0000,363567.0000,358709.0000,356173.0000,362546.0000,354801.0000,355312.0000,363848.0000,354790.0000,361784.0000,356334.0000,355743.0000,363207.0000,355191.0000,355752.0000,362626.0000,356244.0000,355713.0000,362896.0000,355943.0000,356644.0000,364319.0000,355422.0000,362446.0000,356524.0000,356003.0000,361785.0000,354370.0000,354580.0000,361623.0000,355412.0000,357336.0000,363026.0000,355853.0000,363438.0000,357135.0000,355803.0000,367615.0000,357676.0000,355973.0000,362325.0000,356394.0000,356714.0000,362907.0000,356013.0000,355402.0000,363698.0000,355853.0000,361895.0000,356013.0000,355643.0000,362616.0000,355402.0000,356284.0000,363397.0000,357246.0000,356945.0000,362986.0000,355793.0000,354962.0000,361573.0000,357265.0000,361835.0000,354991.0000,355983.0000,363939.0000,355662.0000,356134.0000,363437.0000,356114.0000,355201.0000,361874.0000,355412.0000,355933.0000,363147.0000,356254.0000,360973.0000,355222.0000,355392.0000,363597.0000,355682.0000,357877.0000,364049.0000,355983.0000"
building command- and instruction graphs in a dedicated scheduler thread for N nodes - 4 > reference: single-threaded immediate graph generation,expanding tree topology,100,1,37811600,375504.1100,374842.2200,376220.7000,3518.2240,3255.7702,3846.5349,"benchmark,group:scheduler","372285.0000,378435.0000,384097.0000,372254.0000,372354.0000,378916.0000,372234.0000,378195.0000,372655.0000,371332.0000,378616.0000,372144.0000,372084.0000,379027.0000,371863.0000,378876.0000,373867.0000,370952.0000,379879.0000,371893.0000,372665.0000,380350.0000,372164.0000,378546.0000,373787.0000,371983.0000,378465.0000,374779.0000,373096.0000,379829.0000,372464.0000,378556.0000,377063.0000,374768.0000,381150.0000,373766.0000,375810.0000,381872.0000,371713.0000,378265.0000,371713.0000,372264.0000,378406.0000,373145.0000,372755.0000,380810.0000,372525.0000,379047.0000,372765.0000,373055.0000,380119.0000,372514.0000,371743.0000,378866.0000,373046.0000,377654.0000,373356.0000,373165.0000,380520.0000,374528.0000,372905.0000,379658.0000,371893.0000,378666.0000,373346.0000,372044.0000,381421.0000,371303.0000,371973.0000,380450.0000,372124.0000,379037.0000,373176.0000,371733.0000,380600.0000,373196.0000,373837.0000,379819.0000,373757.0000,380830.0000,374188.0000,373837.0000,381632.0000,372915.0000,373135.0000,379949.0000,372134.0000,379017.0000,373727.0000,374027.0000,380479.0000,374378.0000,374157.0000,380740.0000,373316.0000,379989.0000,373175.0000,371863.0000,379277.0000,371663.0000"
building command- and instruction graphs in a dedicated scheduler thread for N nodes - 4 > reference: single-threaded immediate graph generation,contracting tree topology,100,1,40652200,422866.5300,414030.7800,436601.0200,55270.1924,39639.7164,71938.5281,"benchmark,group:scheduler","403844.0000,402111.0000,427830.0000,406589.0000,405568.0000,410296.0000,403543.0000,412250.0000,403834.0000,403744.0000,411489.0000,403744.0000,412971.0000,403123.0000,404605.0000,414294.0000,403443.0000,408834.0000,402501.0000,402662.0000,410006.0000,402251.0000,411258.0000,403764.0000,402371.0000,409846.0000,403052.0000,407782.0000,400768.0000,401690.0000,409535.0000,402401.0000,409795.0000,402771.0000,408723.0000,404114.0000,403574.0000,410937.0000,402552.0000,410737.0000,403534.0000,401810.0000,409855.0000,401550.0000,407581.0000,403604.0000,401950.0000,410166.0000,402011.0000,409885.0000,402442.0000,401379.0000,409505.0000,404345.0000,409965.0000,401449.0000,402872.0000,409465.0000,402862.0000,409274.0000,402562.0000,402752.0000,410717.0000,402021.0000,410486.0000,402642.0000,401710.0000,408503.0000,402241.0000,410837.0000,402512.0000,409394.0000,402912.0000,402000.0000,410096.0000,402061.0000,408943.0000,402671.0000,402401.0000,409775.0000,403123.0000,408002.0000,401389.0000,402321.0000,408804.0000,401239.0000,409474.0000,402822.0000,402872.0000,412250.0000,403313.0000,495217.0000,601800.0000,611948.0000,610656.0000,606097.0000,613601.0000,603733.0000,613130.0000,596920.0000"
building command- and instruction graphs in a dedicated scheduler thread for N nodes - 4 > reference: single-threaded immediate graph generation,wave_sim topology,100,1,196222100,1959676.9000,1958275.2100,1961885.1400,8765.0192,6176.8103,14969.4640,"benchmark,group:scheduler","1956358.0000,1957540.0000,2017103.0000,1977048.0000,1976125.0000,1961729.0000,1960586.0000,1962650.0000,1962089.0000,1958522.0000,1953001.0000,1959504.0000,1956498.0000,1964063.0000,1961448.0000,1963792.0000,1961257.0000,1957790.0000,1957319.0000,1956969.0000,1959945.0000,1959314.0000,1957160.0000,1960235.0000,1958422.0000,1954485.0000,1960085.0000,1961969.0000,1957360.0000,1957761.0000,1959775.0000,1960947.0000,1954304.0000,1945808.0000,1953403.0000,1956348.0000,1961588.0000,1963432.0000,1960817.0000,1961808.0000,1955557.0000,1947782.0000,1947681.0000,1945768.0000,1945537.0000,1946971.0000,1946990.0000,1944867.0000,1950367.0000,1959344.0000,1955917.0000,1952841.0000,1960667.0000,1960045.0000,1960266.0000,1984591.0000,1952981.0000,1960005.0000,1957259.0000,1965214.0000,1960907.0000,1959965.0000,1960246.0000,1962239.0000,1966979.0000,1960456.0000,1966006.0000,1963883.0000,1959965.0000,1954905.0000,1960236.0000,1965235.0000,1958632.0000,1961417.0000,1956579.0000,1961167.0000,1964664.0000,1966678.0000,1963512.0000,1964393.0000,1969874.0000,1968101.0000,1958562.0000,1957661.0000,1945918.0000,1942542.0000,1948173.0000,1963622.0000,1966327.0000,1959905.0000,1959554.0000,1961007.0000,1962861.0000,1957350.0000,1960776.0000,1962970.0000,1959855.0000,1962119.0000,1953974.0000,1961468.0000"
building command- and instruction graphs in a dedicated scheduler thread for N nodes - 4 > reference: single-threaded immediate graph generation,jacobi topology,100,1,64475500,639148.5900,638309.9000,640052.4700,4409.1775,3739.9222,6087.8271,"benchmark,group:scheduler","643438.0000,643869.0000,638148.0000,644851.0000,640874.0000,632387.0000,642817.0000,640122.0000,631124.0000,639721.0000,630914.0000,641775.0000,643889.0000,636836.0000,643729.0000,642907.0000,637106.0000,642957.0000,659920.0000,635723.0000,640512.0000,643298.0000,637036.0000,642577.0000,636976.0000,642005.0000,642666.0000,636675.0000,640763.0000,642948.0000,637577.0000,640854.0000,642366.0000,636325.0000,641415.0000,636785.0000,639181.0000,639170.0000,632538.0000,639911.0000,641104.0000,633440.0000,641374.0000,637778.0000,632407.0000,640602.0000,630573.0000,640031.0000,642626.0000,634131.0000,642797.0000,640042.0000,634121.0000,641595.0000,639962.0000,634792.0000,642426.0000,644551.0000,636094.0000,643649.0000,636305.0000,642216.0000,643338.0000,633689.0000,642367.0000,637817.0000,632789.0000,640623.0000,640673.0000,634371.0000,640743.0000,634751.0000,643218.0000,641615.0000,634412.0000,639911.0000,640974.0000,633780.0000,640353.0000,642286.0000,630845.0000,639871.0000,629703.0000,639110.0000,639511.0000,635213.0000,639070.0000,640442.0000,632096.0000,642096.0000,642266.0000,633580.0000,640984.0000,639901.0000,633779.0000,639340.0000,633920.0000,642075.0000,645633.0000,640413.0000"
building command- and instruction graphs in a dedicated scheduler thread for N nodes - 4 > immediate submission to a scheduler thread,soup topology,100,1,484331400,4842597.5700,4820626.5500,4851897.3500,68433.8465,20046.0268,121064.9336,"benchmark,group:scheduler","4848833.0000,4846650.0000,4819467.0000,4862029.0000,4845697.0000,4850035.0000,4819347.0000,4847521.0000,4876256.0000,4877297.0000,4882257.0000,4844876.0000,4881997.0000,4851268.0000,4848312.0000,4854815.0000,4848593.0000,4847420.0000,4848503.0000,4850056.0000,4849274.0000,4847400.0000,4849205.0000,4848683.0000,4847140.0000,4850527.0000,4847551.0000,4820169.0000,4907926.0000,4847501.0000,4848623.0000,4847371.0000,4850477.0000,4846869.0000,4820800.0000,4849495.0000,4848362.0000,4400302.0000,4367331.0000,4849965.0000,4871736.0000,4822304.0000,4849595.0000,4853903.0000,4856207.0000,4846700.0000,4820620.0000,4904649.0000,4856268.0000,4844676.0000,4816622.0000,4883149.0000,4843112.0000,4848843.0000,4851468.0000,4846980.0000,4847280.0000,4850507.0000,4847311.0000,4907514.0000,4847560.0000,4855005.0000,4813777.0000,4907134.0000,4876536.0000,4851048.0000,4848493.0000,4848763.0000,4817805.0000,4842481.0000,4843282.0000,4850616.0000,4818345.0000,4849685.0000,4821371.0000,4846539.0000,4848553.0000,4881285.0000,4875715.0000,4877778.0000,4848182.0000,4824217.0000,4872909.0000,4836199.0000,4846980.0000,4844566.0000,4851158.0000,4846058.0000,4849725.0000,4848393.0000,4848513.0000,4907084.0000,4849615.0000,4849595.0000,4847110.0000,4877779.0000,4848723.0000,4848593.0000,4878710.0000,4848233.0000"
building command- and instruction graphs in a dedicated scheduler thread for N nodes - 4 > immediate submission to a scheduler thread,chain topology,100,1,98227500,998332.4500,995579.9500,1001300.5200,14599.8274,13696.9834,15018.1076,"benchmark,group:scheduler","986909.0000,1016425.0000,981760.0000,984175.0000,990676.0000,982771.0000,986650.0000,988052.0000,986158.0000,987491.0000,1016255.0000,986609.0000,986919.0000,988563.0000,985858.0000,987571.0000,986218.0000,1016756.0000,987039.0000,1016175.0000,986689.0000,1016336.0000,986749.0000,1017608.0000,985718.0000,1016505.0000,986839.0000,987411.0000,986879.0000,1017638.0000,985677.0000,1016165.0000,987010.0000,1017107.0000,986309.0000,1016496.0000,986519.0000,1016475.0000,987180.0000,1016155.0000,986549.0000,1016696.0000,987050.0000,1016276.0000,986378.0000,987451.0000,986659.0000,1016787.0000,986409.0000,1016706.0000,986749.0000,1016506.0000,986740.0000,1016395.0000,987140.0000,1016255.0000,986880.0000,1016546.0000,986799.0000,1016205.0000,986660.0000,987570.0000,986799.0000,1017117.0000,985868.0000,1016446.0000,986589.0000,1017057.0000,986749.0000,1016316.0000,986859.0000,1016235.0000,987641.0000,1015925.0000,987090.0000,1016406.0000,986058.0000,1016666.0000,986779.0000,987461.0000,987010.0000,1016325.0000,986508.0000,1016786.0000,986489.0000,1016937.0000,985887.0000,1016956.0000,987581.0000,1015875.0000,986649.0000,1016396.0000,987150.0000,1016335.0000,986488.0000,987752.0000,986378.0000,1016586.0000,986408.0000,1016787.0000"
building command- and instruction graphs in a dedicated scheduler thread for N nodes - 4 > immediate submission to a scheduler thread,expanding tree topology,100,1,119994600,1195639.1400,1188421.6100,1201258.2300,32403.9800,25088.4543,41785.9946,"benchmark,group:scheduler","1188832.0000,1220102.0000,1196697.0000,1189745.0000,1190125.0000,1134600.0000,1069917.0000,1085486.0000,1092269.0000,1089925.0000,1091548.0000,1132696.0000,1190385.0000,1189784.0000,1219942.0000,1189634.0000,1219631.0000,1190346.0000,1219791.0000,1219421.0000,1219110.0000,1219240.0000,1219381.0000,1219010.0000,1190445.0000,1190976.0000,1189614.0000,1219901.0000,1191177.0000,1188983.0000,1249047.0000,1189544.0000,1190977.0000,1191568.0000,1188492.0000,1191708.0000,1188983.0000,1220202.0000,1218099.0000,1191096.0000,1190475.0000,1189885.0000,1219731.0000,1192029.0000,1188432.0000,1191478.0000,1189093.0000,1191387.0000,1189173.0000,1219761.0000,1190756.0000,1189674.0000,1190736.0000,1190035.0000,1249097.0000,1248456.0000,1189213.0000,1190836.0000,1192099.0000,1188652.0000,1191338.0000,1188602.0000,1191377.0000,1189944.0000,1219772.0000,1190415.0000,1189124.0000,1190856.0000,1190336.0000,1248956.0000,1248926.0000,1189133.0000,1191086.0000,1218108.0000,1190205.0000,1249367.0000,1189614.0000,1219861.0000,1219130.0000,1191047.0000,1189474.0000,1220313.0000,1189484.0000,1219871.0000,1189865.0000,1219821.0000,1189553.0000,1220313.0000,1219050.0000,1190405.0000,1190085.0000,1219380.0000,1190055.0000,1219611.0000,1249497.0000,1188873.0000,1219701.0000,1192480.0000,1187751.0000,1191708.0000"
building command- and instruction graphs in a dedicated scheduler thread for N nodes - 4 > immediate submission to a scheduler thread,contracting tree topology,100,1,126796600,1265809.2500,1260816.4200,1271533.9800,27324.4952,23724.8515,31728.7861,"benchmark,group:scheduler","1275858.0000,1277591.0000,1286067.0000,1245700.0000,1252193.0000,1237365.0000,1234680.0000,1225953.0000,1247774.0000,1237956.0000,1252594.0000,1256330.0000,1247964.0000,1232075.0000,1262132.0000,1242915.0000,1263805.0000,1246191.0000,1279063.0000,1232695.0000,1243096.0000,1236413.0000,1255509.0000,1254978.0000,1254387.0000,1251462.0000,1272481.0000,1236954.0000,1264035.0000,1247414.0000,1275337.0000,1233137.0000,1273303.0000,1242414.0000,1249548.0000,1237485.0000,1268864.0000,1246272.0000,1275337.0000,1235731.0000,1272592.0000,1243486.0000,1248867.0000,1242324.0000,1263915.0000,1228849.0000,1258895.0000,1240901.0000,1243095.0000,1237154.0000,1255358.0000,1240711.0000,1264987.0000,1248485.0000,1273443.0000,1236042.0000,1270077.0000,1249457.0000,1302828.0000,1237274.0000,1268954.0000,1231313.0000,1262883.0000,1251902.0000,1252704.0000,1264957.0000,1306887.0000,1247965.0000,1277541.0000,1281588.0000,1244539.0000,1307587.0000,1246862.0000,1278693.0000,1305805.0000,1336062.0000,1247594.0000,1277541.0000,1306826.0000,1276408.0000,1307899.0000,1305424.0000,1336452.0000,1276770.0000,1277150.0000,1306606.0000,1277110.0000,1336142.0000,1306616.0000,1277621.0000,1276990.0000,1247945.0000,1306866.0000,1277190.0000,1306716.0000,1306927.0000,1277120.0000,1336492.0000,1276068.0000,1336412.0000"
building command- and instruction graphs in a dedicated scheduler thread for N nodes - 4 > immediate submission to a scheduler thread,wave_sim topology,100,1,526038200,5227035.9900,5193255.3800,5245436.6300,124769.5748,77806.6448,178677.3123,"benchmark,group:scheduler","5233042.0000,5235697.0000,5280051.0000,5254824.0000,5255084.0000,5255565.0000,5254142.0000,5255625.0000,5253240.0000,5255525.0000,5254323.0000,5255344.0000,5257849.0000,5253852.0000,5253621.0000,5255555.0000,5257939.0000,5253630.0000,5254292.0000,5255565.0000,5256827.0000,5258240.0000,5249694.0000,5256196.0000,5254763.0000,5254754.0000,5256156.0000,5254973.0000,5255644.0000,5254152.0000,5256106.0000,5254623.0000,5255835.0000,5254192.0000,5256277.0000,5283708.0000,5256476.0000,5253642.0000,5313855.0000,5255324.0000,5256186.0000,5253951.0000,5255866.0000,5257669.0000,5252759.0000,5254413.0000,5281734.0000,5253981.0000,5253702.0000,5256506.0000,5254493.0000,5256577.0000,5224786.0000,5255846.0000,5254543.0000,5255925.0000,5225508.0000,5255675.0000,5254894.0000,5256837.0000,5253371.0000,5255745.0000,5254844.0000,5256847.0000,5253902.0000,5267146.0000,5255144.0000,5312352.0000,5225298.0000,5255014.0000,5255334.0000,5255755.0000,5225498.0000,5255475.0000,5254443.0000,5256647.0000,5226109.0000,5254913.0000,5254443.0000,5255946.0000,5254583.0000,5256086.0000,5254583.0000,4750206.0000,4658633.0000,4690904.0000,4653543.0000,4689762.0000,5167208.0000,5255925.0000,5255976.0000,5288657.0000,5249232.0000,5256597.0000,5253972.0000,5255174.0000,5255435.0000,5284530.0000,5256105.0000,5284209.0000"
building command- and instruction graphs in a dedicated scheduler thread for N nodes - 4 > immediate submission to a scheduler thread,jacobi topology,100,1,169438700,1708546.6200,1704145.0600,1713217.3100,23116.9868,21030.2693,25579.4199,"benchmark,group:scheduler","1710291.0000,1684713.0000,1758653.0000,1712736.0000,1711053.0000,1742332.0000,1711995.0000,1742894.0000,1712646.0000,1713818.0000,1711504.0000,1713417.0000,1742382.0000,1712445.0000,1746169.0000,1680024.0000,1743124.0000,1711173.0000,1743043.0000,1712105.0000,1742603.0000,1712566.0000,1713137.0000,1742603.0000,1712646.0000,1742603.0000,1711724.0000,1742984.0000,1738805.0000,1694281.0000,1702917.0000,1730570.0000,1702407.0000,1738385.0000,1711644.0000,1742493.0000,1737874.0000,1747522.0000,1716122.0000,1730329.0000,1702617.0000,1721413.0000,1682909.0000,1684473.0000,1684413.0000,1713327.0000,1682910.0000,1684152.0000,1683390.0000,1683932.0000,1683290.0000,1713888.0000,1683520.0000,1684182.0000,1712495.0000,1725972.0000,1702807.0000,1733075.0000,1682929.0000,1742342.0000,1683440.0000,1713357.0000,1683320.0000,1684774.0000,1712485.0000,1742192.0000,1687278.0000,1710262.0000,1711814.0000,1684884.0000,1683280.0000,1684412.0000,1683490.0000,1684293.0000,1685073.0000,1683140.0000,1683240.0000,1713287.0000,1683701.0000,1684893.0000,1692898.0000,1764504.0000,1682759.0000,1684352.0000,1703118.0000,1684162.0000,1683731.0000,1713407.0000,1711985.0000,1685344.0000,1683270.0000,1743143.0000,1683221.0000,1681016.0000,1718036.0000,1712285.0000,1684633.0000,1712366.0000,1743264.0000,1685785.0000"
building command- and instruction graphs in a dedicated scheduler thread for N nodes - 4 > reference: throttled single-threaded graph generation at 10 us per task,soup topology,100,1,302005800,3014995.5900,3005152.6900,3046787.9200,77512.8600,7019.2979,169703.3506,"benchmark,group:scheduler","3004736.0000,3021197.0000,3014114.0000,3017982.0000,3001950.0000,3012521.0000,3007451.0000,3016900.0000,3002712.0000,3007742.0000,3010227.0000,3004536.0000,3011199.0000,2998394.0000,3002572.0000,2995880.0000,3000618.0000,3004045.0000,2996871.0000,3020887.0000,3003414.0000,2998655.0000,3012671.0000,2996581.0000,3001460.0000,2999416.0000,3000008.0000,3001320.0000,2997051.0000,3001800.0000,3000579.0000,2996090.0000,3002722.0000,2999937.0000,3001109.0000,2998424.0000,2999637.0000,3001099.0000,3000748.0000,2997122.0000,3002602.0000,2996079.0000,3002872.0000,2998365.0000,3001330.0000,3002872.0000,2996411.0000,3001380.0000,3000007.0000,2997613.0000,3013032.0000,3004706.0000,3022429.0000,3012741.0000,3003925.0000,2999115.0000,3006830.0000,3006960.0000,3020045.0000,3009425.0000,3010668.0000,2998685.0000,3002251.0000,2996331.0000,3003053.0000,3001059.0000,2996411.0000,3012922.0000,3009605.0000,3009626.0000,3001851.0000,3004205.0000,3011229.0000,3013232.0000,3003204.0000,3004586.0000,2995739.0000,3010397.0000,3016389.0000,3717698.0000,3319012.0000,3005588.0000,2998916.0000,3000318.0000,3000668.0000,3016940.0000,3012691.0000,3006831.0000,3012160.0000,3000749.0000,3003113.0000,3003053.0000,3013754.0000,3006319.0000,3010998.0000,3008894.0000,3000258.0000,2999306.0000,3001450.0000,2998284.0000"
building command- and instruction graphs in a dedicated scheduler thread for N nodes - 4 > reference: throttled single-threaded graph generation at 10 us per task,chain topology,100,1,65684100,653761.4500,653161.2100,654495.2700,3370.4670,2857.5639,4561.0418,"benchmark,group:scheduler","651303.0000,650632.0000,662094.0000,652806.0000,657385.0000,652435.0000,650822.0000,653978.0000,652135.0000,651504.0000,652435.0000,656213.0000,651814.0000,659309.0000,651443.0000,657014.0000,659850.0000,650141.0000,653457.0000,652937.0000,652215.0000,653527.0000,658066.0000,648938.0000,657736.0000,656262.0000,652054.0000,659038.0000,650953.0000,649690.0000,654439.0000,652105.0000,650933.0000,653307.0000,650872.0000,649711.0000,654299.0000,655661.0000,651965.0000,653016.0000,651885.0000,652054.0000,652215.0000,649379.0000,651534.0000,653267.0000,651734.0000,653918.0000,652927.0000,652245.0000,653006.0000,658808.0000,650762.0000,658547.0000,654960.0000,650762.0000,656393.0000,651012.0000,652214.0000,652475.0000,651223.0000,650953.0000,656132.0000,650732.0000,653047.0000,654038.0000,650982.0000,652826.0000,652917.0000,652636.0000,653026.0000,657986.0000,649530.0000,658036.0000,657846.0000,650892.0000,654810.0000,669278.0000,650471.0000,660380.0000,658817.0000,649600.0000,659088.0000,658176.0000,650902.0000,655701.0000,653037.0000,649730.0000,652756.0000,656523.0000,652586.0000,656273.0000,652335.0000,658687.0000,654560.0000,649710.0000,657074.0000,652776.0000,650843.0000,654639.0000"
building command- and instruction graphs in a dedicated scheduler thread for N nodes - 4 > reference: throttled single-threaded graph generation at 10 us per task,expanding tree topology,100,1,68713800,681712.0800,681107.9100,682396.2400,3281.6825,2902.0037,4345.7232,"benchmark,group:scheduler","679496.0000,695748.0000,684156.0000,685358.0000,685598.0000,678515.0000,683034.0000,681651.0000,682472.0000,679236.0000,682503.0000,685348.0000,678314.0000,679467.0000,683214.0000,679687.0000,680308.0000,684917.0000,678315.0000,678925.0000,684506.0000,677663.0000,678655.0000,679577.0000,676922.0000,682843.0000,679216.0000,677132.0000,682602.0000,685198.0000,679536.0000,680458.0000,681821.0000,683685.0000,679046.0000,678715.0000,679497.0000,677974.0000,685047.0000,679256.0000,678144.0000,683925.0000,680228.0000,677603.0000,686440.0000,680018.0000,679466.0000,686671.0000,686580.0000,678345.0000,685838.0000,685609.0000,677623.0000,685648.0000,684406.0000,685729.0000,679016.0000,680288.0000,684556.0000,678084.0000,678555.0000,686349.0000,678966.0000,685658.0000,683995.0000,678424.0000,684086.0000,683063.0000,678285.0000,685949.0000,682152.0000,678565.0000,682953.0000,679898.0000,679176.0000,680068.0000,683784.0000,685267.0000,679387.0000,679887.0000,684707.0000,678986.0000,680038.0000,685057.0000,680028.0000,684015.0000,685528.0000,678375.0000,686450.0000,679076.0000,678875.0000,686119.0000,679506.0000,676612.0000,683183.0000,681942.0000,677923.0000,684967.0000,681180.0000,684346.0000"
building command- and instruction graphs in a dedicated scheduler thread for N nodes - 4 > reference: throttled single-threaded graph generation at 10 us per task,contracting tree topology,100,1,71538600,710244.7700,709538.9200,711144.2000,4062.5147,3280.3744,6326.5881,"benchmark,group:scheduler","706979.0000,732858.0000,719232.0000,706047.0000,712028.0000,710415.0000,705827.0000,706258.0000,708000.0000,716738.0000,706858.0000,707058.0000,713180.0000,705185.0000,711879.0000,711848.0000,708351.0000,704715.0000,713311.0000,707850.0000,705837.0000,712048.0000,706548.0000,712859.0000,705255.0000,712660.0000,713481.0000,705506.0000,708392.0000,713671.0000,712920.0000,705536.0000,712960.0000,712218.0000,705245.0000,711277.0000,711978.0000,706909.0000,706608.0000,708913.0000,712930.0000,706217.0000,714273.0000,715926.0000,713481.0000,707680.0000,706458.0000,713351.0000,705015.0000,713111.0000,712950.0000,705095.0000,712379.0000,713050.0000,714172.0000,705887.0000,712750.0000,711768.0000,706257.0000,705827.0000,712960.0000,707971.0000,705406.0000,709403.0000,708662.0000,706388.0000,710195.0000,710145.0000,712479.0000,705907.0000,713562.0000,711667.0000,707801.0000,712429.0000,710215.0000,712219.0000,709022.0000,713641.0000,710075.0000,706387.0000,713321.0000,707109.0000,707149.0000,710916.0000,707229.0000,713492.0000,706698.0000,714613.0000,714634.0000,706598.0000,714162.0000,708412.0000,713231.0000,706518.0000,711878.0000,712900.0000,707881.0000,708551.0000,713051.0000,715585.0000"
building command- and instruction graphs in a dedicated scheduler thread for N nodes - 4 > reference: throttled single-threaded graph generation at 10 us per task,wave_sim topology,100,1,401298100,4010367.2100,4001439.3000,4045768.8000,81707.1353,11871.2105,193048.0153,"benchmark,group:scheduler","3997058.0000,3996598.0000,4056030.0000,4015132.0000,4008390.0000,3998721.0000,3994182.0000,4015333.0000,4000986.0000,4003911.0000,4013319.0000,4002348.0000,4014812.0000,4010243.0000,4005134.0000,4006836.0000,4001486.0000,4000855.0000,3999572.0000,3998570.0000,4001626.0000,3999492.0000,4000064.0000,3997519.0000,3982401.0000,4001797.0000,4017336.0000,3998531.0000,4002047.0000,4000555.0000,4002849.0000,4015603.0000,4004722.0000,4812956.0000,4003710.0000,4001616.0000,4000725.0000,4008891.0000,4011055.0000,4009632.0000,4005434.0000,4005123.0000,4009883.0000,4004412.0000,4005564.0000,3999273.0000,4018990.0000,4015242.0000,4002940.0000,4000104.0000,4002168.0000,3998300.0000,4010263.0000,4007598.0000,3996216.0000,4003631.0000,4002408.0000,4002278.0000,4008380.0000,4005033.0000,3994443.0000,3989754.0000,3997509.0000,4064065.0000,3991989.0000,3981248.0000,4004512.0000,4011065.0000,4008560.0000,4018018.0000,4001066.0000,3998681.0000,4015764.0000,4006385.0000,4008820.0000,3983172.0000,3980857.0000,3980708.0000,3980396.0000,3997509.0000,3982461.0000,3982180.0000,3997118.0000,3981549.0000,3983592.0000,3997549.0000,3998471.0000,3982600.0000,3993201.0000,3985627.0000,3982450.0000,3980006.0000,4001116.0000,4014932.0000,4014401.0000,4012087.0000,4015483.0000,4016966.0000,3998391.0000,3986137.0000"
building command- and instruction graphs in a dedicated scheduler thread for N nodes - 4 > reference: throttled single-threaded graph generation at 10 us per task,jacobi topology,100,1,115342300,1158042.5600,1149939.9900,1174511.4300,56159.6712,32163.1183,88492.9011,"benchmark,group:scheduler","1149147.0000,1142946.0000,1154618.0000,1141783.0000,1148637.0000,1145140.0000,1148666.0000,1148296.0000,1141983.0000,1147894.0000,1142484.0000,1145821.0000,1145931.0000,1147945.0000,1149658.0000,1143236.0000,1145550.0000,1142936.0000,1146141.0000,1143296.0000,1141443.0000,1153976.0000,1144539.0000,1147694.0000,1147394.0000,1165558.0000,1146472.0000,1146352.0000,1153475.0000,1141423.0000,1148306.0000,1143447.0000,1146422.0000,1142465.0000,1149167.0000,1150921.0000,1142765.0000,1148987.0000,1151322.0000,1146191.0000,1145630.0000,1150069.0000,1141532.0000,1147784.0000,1143667.0000,1149428.0000,1139990.0000,1146232.0000,1151141.0000,1143747.0000,1147153.0000,1142595.0000,1146943.0000,1145550.0000,1148947.0000,1151792.0000,1148335.0000,1146943.0000,1146592.0000,1144068.0000,1148877.0000,1142986.0000,1435570.0000,1468062.0000,1473502.0000,1329169.0000,1144989.0000,1145570.0000,1150270.0000,1146181.0000,1145981.0000,1147755.0000,1142564.0000,1146301.0000,1146241.0000,1149407.0000,1146473.0000,1141903.0000,1151101.0000,1142895.0000,1147434.0000,1143227.0000,1156631.0000,1146382.0000,1150250.0000,1144288.0000,1152323.0000,1149318.0000,1151702.0000,1150610.0000,1146011.0000,1150620.0000,1139690.0000,1147574.0000,1144870.0000,1148426.0000,1148325.0000,1143446.0000,1145641.0000,1143126.0000"
building command- and instruction graphs in a dedicated scheduler thread for N nodes - 4 > throttled submission to a scheduler thread at 10 us per task,soup topology,100,1,488184700,4876531.4800,4872795.5800,4880845.6600,20469.0937,16840.6228,24828.5311,"benchmark,group:scheduler","4849275.0000,4878900.0000,4875313.0000,4842392.0000,4879802.0000,4876296.0000,4936930.0000,4906042.0000,4878851.0000,4876706.0000,4876797.0000,4878089.0000,4878740.0000,4847491.0000,4879522.0000,4877017.0000,4879381.0000,4859254.0000,4878800.0000,4877859.0000,4880473.0000,4846619.0000,4922914.0000,4868951.0000,4879120.0000,4877528.0000,4876045.0000,4849274.0000,4879492.0000,4847430.0000,4936158.0000,4877768.0000,4879261.0000,4847640.0000,4935528.0000,4851408.0000,4875925.0000,4875905.0000,4878550.0000,4878439.0000,4876996.0000,4848072.0000,4864132.0000,4864574.0000,4876466.0000,4876686.0000,4879421.0000,4875504.0000,4879842.0000,4847912.0000,4932382.0000,4880654.0000,4876686.0000,4876747.0000,4879651.0000,4876125.0000,4879021.0000,4847260.0000,4892767.0000,4838805.0000,4889250.0000,4846840.0000,4879702.0000,4876295.0000,4879451.0000,4904539.0000,4878499.0000,4848633.0000,4878089.0000,4877267.0000,4878700.0000,4876296.0000,4879421.0000,4847621.0000,4876986.0000,4878118.0000,4879191.0000,4875854.0000,4880012.0000,4876065.0000,4886726.0000,4857750.0000,4877067.0000,4848523.0000,4874091.0000,4847521.0000,4936139.0000,4907695.0000,4877468.0000,4881826.0000,4872058.0000,4845477.0000,4923395.0000,4882126.0000,4873480.0000,4876937.0000,4879241.0000,4876085.0000,4879883.0000,4875243.0000"
building command- and instruction graphs in a dedicated scheduler thread for N nodes - 4 > throttled submission to a scheduler thread at 10 us per task,chain topology,100,1,99989000,999198.8700,996334.1400,1002196.6400,14935.5912,14340.1296,15527.2377,"benchmark,group:scheduler","984485.0000,1011236.0000,980107.0000,984334.0000,983613.0000,985297.0000,984244.0000,1006718.0000,986639.0000,1016686.0000,986399.0000,1016956.0000,986799.0000,1016225.0000,987260.0000,1016325.0000,986629.0000,1016455.0000,986739.0000,1016636.0000,986739.0000,987401.0000,986419.0000,1016856.0000,986239.0000,1016706.0000,986639.0000,1016646.0000,986518.0000,1016475.0000,986940.0000,1016155.0000,986910.0000,1016696.0000,986980.0000,1016796.0000,986538.0000,987250.0000,986779.0000,1016386.0000,987260.0000,1016065.0000,987110.0000,1016405.0000,986940.0000,1016175.0000,986569.0000,1016466.0000,986569.0000,1016506.0000,986669.0000,1016546.0000,987130.0000,1016366.0000,986689.0000,987802.0000,987000.0000,1016145.0000,986889.0000,1016375.0000,986760.0000,1016576.0000,987671.0000,1015854.0000,986649.0000,1016295.0000,987010.0000,1016395.0000,986148.0000,1016726.0000,986790.0000,987230.0000,986880.0000,1016435.0000,986689.0000,1017137.0000,986338.0000,1016776.0000,986649.0000,1016586.0000,986799.0000,1016095.0000,986879.0000,1017548.0000,985728.0000,1016696.0000,986449.0000,1016756.0000,986950.0000,986950.0000,986469.0000,1016415.0000,987311.0000,1016305.0000,989405.0000,1011787.0000,976530.0000,1016956.0000,986559.0000,1024180.0000"
building command- and instruction graphs in a dedicated scheduler thread for N nodes - 4 > throttled submission to a scheduler thread at 10 us per task,expanding tree topology,100,1,118788700,1226670.1400,1222469.0800,1230279.0100,19824.9573,16477.1851,26207.3301,"benchmark,group:scheduler","1248166.0000,1222486.0000,1156762.0000,1140992.0000,1218880.0000,1249508.0000,1217537.0000,1220332.0000,1219240.0000,1218929.0000,1249888.0000,1218088.0000,1219421.0000,1218860.0000,1219440.0000,1249628.0000,1218589.0000,1219490.0000,1221816.0000,1187930.0000,1249267.0000,1218228.0000,1219441.0000,1244348.0000,1217818.0000,1249387.0000,1219130.0000,1248105.0000,1249738.0000,1218088.0000,1249017.0000,1222596.0000,1187180.0000,1248586.0000,1218579.0000,1219340.0000,1249627.0000,1218969.0000,1248055.0000,1218890.0000,1222296.0000,1247775.0000,1218088.0000,1219911.0000,1218699.0000,1218599.0000,1249608.0000,1218569.0000,1218349.0000,1250780.0000,1217768.0000,1219761.0000,1219160.0000,1219120.0000,1250360.0000,1217056.0000,1220182.0000,1218970.0000,1219481.0000,1248856.0000,1218479.0000,1251341.0000,1223649.0000,1224120.0000,1211445.0000,1217337.0000,1219491.0000,1250199.0000,1218178.0000,1219671.0000,1218779.0000,1249217.0000,1248977.0000,1217928.0000,1249077.0000,1221895.0000,1186929.0000,1249438.0000,1218459.0000,1219601.0000,1249698.0000,1217266.0000,1249778.0000,1218098.0000,1249758.0000,1248696.0000,1218519.0000,1248936.0000,1221365.0000,1187440.0000,1249718.0000,1218278.0000,1219421.0000,1249428.0000,1218048.0000,1249497.0000,1218368.0000,1249508.0000,1248476.0000,1218749.0000"
building command- and instruction graphs in a dedicated scheduler thread for N nodes - 4 > throttled submission to a scheduler thread at 10 us per task,contracting tree topology,100,1,128413000,1282307.9000,1280236.5700,1284834.6200,11601.2531,9630.7523,13448.4853,"benchmark,group:scheduler","1306666.0000,1277221.0000,1296256.0000,1306546.0000,1278072.0000,1275658.0000,1278112.0000,1277921.0000,1276499.0000,1307337.0000,1276108.0000,1277721.0000,1278944.0000,1254898.0000,1276659.0000,1278142.0000,1276679.0000,1275557.0000,1279013.0000,1275307.0000,1307678.0000,1276990.0000,1277701.0000,1277000.0000,1277200.0000,1278622.0000,1276158.0000,1277951.0000,1277400.0000,1277230.0000,1278563.0000,1276429.0000,1276950.0000,1278413.0000,1275887.0000,1278272.0000,1278272.0000,1276359.0000,1307267.0000,1277291.0000,1306926.0000,1276729.0000,1279895.0000,1275888.0000,1276148.0000,1307057.0000,1276789.0000,1306666.0000,1277460.0000,1280145.0000,1275807.0000,1276449.0000,1305985.0000,1277651.0000,1307437.0000,1277400.0000,1279845.0000,1275477.0000,1276078.0000,1278362.0000,1277020.0000,1277802.0000,1276829.0000,1277160.0000,1279274.0000,1275637.0000,1278202.0000,1276549.0000,1276970.0000,1279234.0000,1275698.0000,1278152.0000,1277941.0000,1276628.0000,1276999.0000,1278592.0000,1276939.0000,1307137.0000,1276770.0000,1306355.0000,1277741.0000,1277060.0000,1279274.0000,1275096.0000,1307127.0000,1277231.0000,1306736.0000,1277741.0000,1276199.0000,1279344.0000,1276048.0000,1306997.0000,1277080.0000,1307348.0000,1277280.0000,1279585.0000,1275607.0000,1276048.0000,1307638.0000,1276579.0000"
building command- and instruction graphs in a dedicated scheduler thread for N nodes - 4 > throttled submission to a scheduler thread at 10 us per task,wave_sim topology,100,1,529736600,5287613.2700,5263549.7300,5295625.4400,64372.9276,21998.1867,139146.9014,"benchmark,group:scheduler","5282897.0000,5314506.0000,5338131.0000,5280702.0000,5314787.0000,5282636.0000,5314466.0000,5282836.0000,5314015.0000,5283638.0000,5314416.0000,5312002.0000,5314376.0000,5254473.0000,5256527.0000,5254081.0000,5313765.0000,5254944.0000,5255785.0000,5285301.0000,5305440.0000,5275893.0000,5256697.0000,5282015.0000,5282576.0000,5314386.0000,5282736.0000,5314787.0000,5283077.0000,5314637.0000,5283067.0000,5314036.0000,5283608.0000,5255384.0000,5254743.0000,5314426.0000,5283578.0000,5314056.0000,5300329.0000,5312172.0000,5284259.0000,5282766.0000,5314726.0000,5283267.0000,5313795.0000,5283879.0000,5314256.0000,5282536.0000,5314737.0000,5283267.0000,5314857.0000,5282716.0000,5314857.0000,5283057.0000,5314096.0000,5282566.0000,5315278.0000,5283388.0000,5313785.0000,5283217.0000,5315448.0000,5311050.0000,5315018.0000,5282495.0000,5314606.0000,5282957.0000,5315398.0000,5282435.0000,5285953.0000,5282105.0000,5320257.0000,5277426.0000,5314256.0000,5283608.0000,5314687.0000,5348842.0000,5264561.0000,5291012.0000,5072177.0000,4721562.0000,5304678.0000,5281554.0000,5315388.0000,5311912.0000,5314066.0000,5297895.0000,5305339.0000,5310910.0000,5314817.0000,5283077.0000,5311902.0000,5283157.0000,5256617.0000,5282656.0000,5283969.0000,5314406.0000,5284310.0000,5314286.0000,5282436.0000,5314867.0000"
building command- and instruction graphs in a dedicated scheduler thread for N nodes - 4 > throttled submission to a scheduler thread at 10 us per task,jacobi topology,100,1,174999600,1737957.5700,1734144.3100,1742004.1300,20095.0845,17659.0848,23504.7904,"benchmark,group:scheduler","1742823.0000,1711323.0000,1740499.0000,1798599.0000,1741842.0000,1761649.0000,1712445.0000,1772459.0000,1740849.0000,1714790.0000,1711794.0000,1771398.0000,1712205.0000,1742803.0000,1741290.0000,1742112.0000,1741551.0000,1713859.0000,1712756.0000,1713067.0000,1745017.0000,1738455.0000,1742402.0000,1741350.0000,1719509.0000,1735630.0000,1742232.0000,1742072.0000,1714199.0000,1711233.0000,1776988.0000,1765406.0000,1713398.0000,1741581.0000,1771758.0000,1741491.0000,1742092.0000,1741300.0000,1775755.0000,1766568.0000,1742773.0000,1712185.0000,1742082.0000,1743445.0000,1711203.0000,1727604.0000,1747282.0000,1748764.0000,1730379.0000,1746671.0000,1766518.0000,1717746.0000,1738555.0000,1769624.0000,1742292.0000,1743074.0000,1711915.0000,1747352.0000,1794240.0000,1747082.0000,1737713.0000,1741491.0000,1741691.0000,1714149.0000,1740900.0000,1742983.0000,1741230.0000,1713237.0000,1712686.0000,1771167.0000,1742793.0000,1712426.0000,1713918.0000,1740689.0000,1718137.0000,1736491.0000,1746600.0000,1737603.0000,1713407.0000,1742092.0000,1741892.0000,1741881.0000,1713057.0000,1741431.0000,1742743.0000,1741851.0000,1712847.0000,1771357.0000,1741300.0000,1746329.0000,1709270.0000,1771488.0000,1740889.0000,1713959.0000,1712325.0000,1713227.0000,1712266.0000,1742623.0000,1741841.0000,1742443.0000"
normalizing randomized box sets - 2d,"small, native",100,44,2503600,571.8982,569.9170,576.2802,14.6117,8.5714,23.1367,"benchmark,group:grid","654.8409,570.7955,588.7955,574.6818,567.4091,571.9318,572.6136,568.0909,568.5227,568.2955,570.1364,568.9773,569.0000,567.6136,570.5909,563.2955,568.7727,568.7500,567.4091,568.0682,566.5000,652.5455,567.8636,570.3409,567.1591,571.0455,572.1818,570.3409,566.7273,570.7955,570.7955,568.0909,571.2500,570.5682,569.9091,570.3636,570.1136,569.6818,569.9091,567.3864,570.8182,569.8864,567.3864,566.4773,569.4545,566.9318,566.9545,570.3409,567.1591,569.4545,570.5682,568.7727,570.1364,563.2955,571.2500,571.0227,569.6818,570.5909,570.7955,570.3636,653.0227,570.3409,566.0455,569.2045,568.5455,568.9773,570.5682,571.2727,571.0455,566.9318,570.5909,570.3636,571.0227,571.0455,569.0000,567.1591,569.9091,567.3864,568.7727,569.6591,569.2045,570.5909,570.3409,570.7955,566.9545,566.9318,569.6818,570.3409,569.2273,568.7727,570.3409,566.2727,570.3409,566.2727,568.7500,570.8182,570.3636,566.4773,571.0455,561.9318"
normalizing randomized box sets - 2d,"small, embedded in 3d",100,38,2519400,665.4121,662.6816,671.8116,21.0000,11.7693,33.9156,"benchmark,group:grid","659.8947,659.6053,680.1842,663.2895,666.2105,790.6579,661.9737,658.5526,667.0000,663.0526,661.4737,664.3684,663.0526,661.7368,663.5526,659.8684,662.5263,662.5263,661.7368,662.0000,662.2368,662.7895,662.2632,658.0526,662.2368,662.7632,661.4737,662.0000,660.1579,660.9211,657.0000,663.5789,663.0526,662.2632,662.7632,663.3158,664.3684,660.1579,656.7105,660.3947,662.5263,661.2105,662.0000,660.9211,777.4737,661.9737,661.2105,660.9474,663.5789,663.0526,661.4474,660.9211,661.4737,661.2105,656.7105,659.8947,662.2632,661.4474,663.5526,663.0526,661.4737,660.9474,657.5000,661.7368,661.4737,664.1053,662.5263,661.4737,660.1316,657.2632,659.3421,662.2632,661.2105,660.9474,660.9211,660.6579,662.2632,657.7895,661.4474,663.3158,661.7368,662.2632,661.7368,662.2632,783.2632,659.6316,662.2632,661.1842,662.0000,663.5789,660.9474,663.3158,663.0526,657.7632,660.4211,661.4737,661.7105,660.3947,662.2632,662.5263"
normalizing randomized box sets - 2d,"medium, native",100,5,3027500,6023.9620,6006.1140,6065.1040,134.5162,73.5395,216.6569,"benchmark,group:grid","6005.0000,6011.0000,6155.4000,5987.0000,5995.0000,5991.0000,5958.8000,5993.0000,5997.0000,6003.0000,6001.0000,5989.0000,5987.0000,5991.0000,6029.0000,5997.0000,6015.0000,5995.0000,5993.0000,6001.0000,6007.0000,5991.0000,6838.6000,5993.0000,6001.0000,5999.0000,5979.0000,5991.0000,6007.0000,5977.0000,5995.0000,5977.0000,5995.0000,5999.0000,6021.0000,6003.0000,5981.0000,6003.0000,6007.0000,6027.0000,5987.0000,6001.0000,6003.0000,6003.0000,5999.0000,5969.0000,5993.0000,5964.8000,5983.0000,5989.0000,6001.0000,5999.0000,6013.0000,5995.0000,6019.0000,6712.4000,6011.0000,6013.0000,6015.2000,6011.0000,6017.0000,6003.0000,6017.0000,6005.0000,6025.0000,6015.0000,5974.8000,6005.0000,5999.0000,6005.0000,5999.0000,5999.0000,6013.0000,5976.8000,5991.0000,6005.0000,6021.0000,5979.0000,5983.0000,5989.0000,5999.0000,5997.0000,5993.0000,5981.0000,5993.0000,5999.0000,6023.0000,6035.0000,5999.0000,6782.6000,5980.8000,6017.0000,5993.0000,6021.0000,6013.0000,5987.0000,5985.0000,5997.0000,6009.0000,6003.0000"
normalizing randomized box sets - 2d,"medium, embedded in 3d",100,4,2704400,6760.1500,6739.5800,6810.9425,151.4373,44.2767,268.1620,"benchmark,group:grid","6767.2500,6774.7500,7115.5000,6800.0000,6744.7500,6722.2500,6749.7500,6699.7500,6737.2500,6694.7500,6717.2500,6739.7500,6727.2500,6724.7500,6757.5000,6757.2500,6744.7500,6772.5000,6724.7500,6717.2500,6752.2500,6709.5000,6732.2500,6754.7500,6772.2500,6759.7500,6752.2500,6719.7500,6755.0000,6764.7500,6724.7500,7741.7500,6727.2500,6729.7500,6750.0000,6772.2500,6729.7500,6732.2500,6699.5000,6740.0000,6714.7500,6767.2500,6757.2500,6719.7500,6754.7500,6764.7500,6762.5000,6747.2500,6739.7500,6735.0000,6692.0000,6732.5000,6704.7500,6749.7500,6729.7500,6722.2500,6754.7500,6747.2500,6744.7500,6770.0000,6719.7500,6719.7500,6754.7500,6717.2500,6674.7500,6749.7500,6682.2500,6717.2500,7806.7500,6757.5000,6742.2500,6742.2500,6752.5000,6742.2500,6724.7500,6747.2500,6739.7500,6714.7500,6734.7500,6712.2500,6709.7500,6722.2500,6709.7500,6759.7500,6770.0000,6704.7500,6732.2500,6724.7500,6712.2500,6734.7500,6739.7500,6709.7500,6742.5000,6724.7500,6704.7500,6732.2500,6699.7500,6747.2500,6732.2500,6729.7500"
normalizing randomized box sets - 2d,"large, native",100,1,19716200,210571.2000,204893.0200,218254.6700,33549.5773,26386.9805,40137.7450,"benchmark,group:grid","195098.0000,196791.0000,197883.0000,200719.0000,195659.0000,196000.0000,196150.0000,196010.0000,199927.0000,196100.0000,196501.0000,196220.0000,196250.0000,200518.0000,195700.0000,196460.0000,195990.0000,196511.0000,201550.0000,196341.0000,196731.0000,196180.0000,196260.0000,196732.0000,201680.0000,196271.0000,196280.0000,196320.0000,195700.0000,201470.0000,195589.0000,196140.0000,195809.0000,196972.0000,200889.0000,196421.0000,196370.0000,196381.0000,196861.0000,201110.0000,195649.0000,196671.0000,196631.0000,195970.0000,201800.0000,196591.0000,195509.0000,196661.0000,196060.0000,202482.0000,195890.0000,195799.0000,195760.0000,196150.0000,202021.0000,195519.0000,196200.0000,196451.0000,196240.0000,200959.0000,195940.0000,196070.0000,195769.0000,196491.0000,267475.0000,295208.0000,293565.0000,301951.0000,292994.0000,292222.0000,292172.0000,301230.0000,293033.0000,293395.0000,299426.0000,295408.0000,293776.0000,292933.0000,211279.0000,196020.0000,196140.0000,195599.0000,196050.0000,199486.0000,195148.0000,195007.0000,195269.0000,195248.0000,200959.0000,195498.0000,194888.0000,195298.0000,195528.0000,200298.0000,195349.0000,194807.0000,195248.0000,195158.0000,200589.0000,195639.0000"
normalizing randomized box sets - 2d,"large, embedded in 3d",100,1,21603000,233128.2400,226400.3700,242102.3100,39275.6131,31487.2478,46316.2985,"benchmark,group:grid","214906.0000,218873.0000,216769.0000,220276.0000,214986.0000,215066.0000,215326.0000,219424.0000,214825.0000,215367.0000,215917.0000,215738.0000,220606.0000,215056.0000,214826.0000,215406.0000,215858.0000,219504.0000,214375.0000,214434.0000,215196.0000,220476.0000,214966.0000,215567.0000,214424.0000,214785.0000,224374.0000,333350.0000,322369.0000,329102.0000,321918.0000,323512.0000,329413.0000,321528.0000,322840.0000,329553.0000,324102.0000,322300.0000,328621.0000,323502.0000,321968.0000,329744.0000,269740.0000,215406.0000,215016.0000,215096.0000,219344.0000,215156.0000,214405.0000,215777.0000,219585.0000,216008.0000,215426.0000,215317.0000,214905.0000,218773.0000,215056.0000,214866.0000,215316.0000,214665.0000,218993.0000,215046.0000,215076.0000,215647.0000,218653.0000,215366.0000,214185.0000,214635.0000,215316.0000,218793.0000,214856.0000,215206.0000,215447.0000,214956.0000,219614.0000,214896.0000,215727.0000,215737.0000,219394.0000,215486.0000,214766.0000,215386.0000,214435.0000,219665.0000,215376.0000,214876.0000,214976.0000,214965.0000,219594.0000,214846.0000,214525.0000,215426.0000,218873.0000,215476.0000,215196.0000,215005.0000,215287.0000,219825.0000,215436.0000,214856.0000"
normalizing randomized box sets - 3d,small - native,100,10,2496000,2498.8700,2486.4390,2527.9260,91.6639,46.8116,158.3393,"benchmark,group:grid","2490.5000,2490.5000,2612.7000,2490.5000,2486.5000,2491.5000,3139.7000,2498.6000,2509.5000,2513.6000,2502.6000,2518.6000,2495.5000,2480.5000,2486.5000,2492.5000,2488.5000,2484.5000,2485.6000,2478.5000,2476.5000,2485.5000,2479.5000,2480.5000,2479.6000,2495.5000,2480.5000,2474.5000,2486.5000,2479.5000,2472.5000,2475.5000,2485.5000,2489.5000,2483.5000,2479.5000,2477.5000,2474.5000,2465.5000,2468.5000,2482.5000,2481.5000,2473.5000,2489.5000,2478.5000,2471.5000,2946.4000,2462.5000,2486.5000,2477.5000,2472.5000,2481.5000,2480.5000,2479.5000,2466.5000,2485.5000,2483.5000,2475.5000,2475.5000,2481.5000,2470.5000,2465.5000,2461.4000,2483.6000,2485.5000,2471.5000,2479.5000,2481.5000,2467.5000,2479.5000,2478.5000,2471.5000,2479.5000,2476.5000,2486.5000,2470.5000,2475.5000,2474.5000,2477.5000,2474.5000,2473.5000,2459.5000,2471.5000,2476.5000,2470.5000,2474.5000,2921.3000,2495.6000,2493.5000,2485.5000,2483.5000,2494.5000,2489.5000,2496.5000,2493.5000,2489.6000,2494.5000,2483.5000,2483.6000,2486.5000"
normalizing randomized box sets - 3d,medium - native,100,3,2767200,9217.9267,9191.1267,9279.2133,195.3784,77.1627,337.2720,"benchmark,group:grid","9183.3333,9253.6667,9764.6667,9216.6667,9203.6667,9223.3333,9143.3333,9146.6667,9173.3333,9290.3333,9123.3333,9223.3333,9186.6667,9193.3333,9153.3333,9240.0000,9233.6667,9220.0000,9183.6667,9240.0000,9177.0000,9146.6667,9130.0000,9247.0000,9143.3333,9206.6667,9167.0000,9109.6667,9106.3333,9140.0000,10422.3333,9206.6667,9207.0000,9156.6667,9247.0000,9163.3333,9150.0000,9143.3333,9203.6667,9146.6667,9220.3333,9220.0000,9207.0000,9163.3333,9223.3333,9193.3333,9173.3333,9163.3333,9246.6667,9220.3333,9200.0000,9076.6667,9146.6667,9093.3333,9163.3333,9143.3333,9197.0000,9113.3333,9160.0000,9116.6667,9126.6667,9146.6667,9163.3333,9140.3333,9120.0000,9146.6667,9133.3333,10532.6667,9150.0000,9163.3333,9227.0000,9150.0000,9183.3333,9160.3333,9186.6667,9260.3333,9143.3333,9190.0000,9153.6667,9193.3333,9126.6667,9263.6667,9240.0000,9190.0000,9267.0000,9163.3333,9217.0000,9236.6667,9213.6667,9193.3333,9340.3333,9253.6667,9293.6667,9120.0000,9217.0000,9196.6667,9277.0000,9136.6667,9227.0000,9290.3333"
normalizing randomized box sets - 3d,large - native,100,1,225868100,2238555.6500,2236872.1800,2243344.8800,13364.4961,5743.4175,28733.6274,"benchmark,group:grid","2235547.0000,2355695.0000,2270404.0000,2238984.0000,2236950.0000,2244424.0000,2253402.0000,2228534.0000,2237381.0000,2243753.0000,2243503.0000,2234366.0000,2235657.0000,2232622.0000,2237300.0000,2234766.0000,2241729.0000,2238644.0000,2237822.0000,2238553.0000,2230217.0000,2234926.0000,2236319.0000,2243503.0000,2232121.0000,2231120.0000,2240977.0000,2237071.0000,2236359.0000,2233274.0000,2237230.0000,2238763.0000,2241158.0000,2232812.0000,2232031.0000,2233664.0000,2239585.0000,2240236.0000,2244184.0000,2234055.0000,2241068.0000,2232742.0000,2229547.0000,2239124.0000,2244635.0000,2230769.0000,2231299.0000,2234606.0000,2247541.0000,2231269.0000,2247891.0000,2232883.0000,2239665.0000,2231240.0000,2235117.0000,2239976.0000,2232822.0000,2238393.0000,2234917.0000,2242350.0000,2232853.0000,2247059.0000,2235378.0000,2236960.0000,2231751.0000,2238102.0000,2245006.0000,2237571.0000,2232111.0000,2232873.0000,2234706.0000,2239455.0000,2231961.0000,2242651.0000,2234105.0000,2233835.0000,2233483.0000,2233684.0000,2238493.0000,2230337.0000,2232812.0000,2238573.0000,2251057.0000,2233213.0000,2232762.0000,2237271.0000,2242521.0000,2230698.0000,2234004.0000,2236329.0000,2236299.0000,2233263.0000,2236589.0000,2234556.0000,2237912.0000,2259884.0000,2231861.0000,2230117.0000,2233654.0000,2242321.0000"
normalizing a fully mergeable tiling of boxes - 1,"small, native",100,768,2457600,29.6062,29.4965,29.8815,0.7852,0.1091,1.4223,"benchmark,group:grid","29.4141,29.4141,30.1328,29.4935,29.4674,29.5065,29.5716,29.6497,29.4414,29.6497,29.5599,29.5326,29.5195,29.5586,29.6107,29.3763,29.5065,29.6107,29.5729,29.5716,29.6237,29.4154,29.5195,29.7148,29.5065,29.5586,29.5846,29.4414,29.2721,29.5065,29.4935,29.5195,29.4805,29.4674,29.4414,29.3242,29.4414,29.4674,29.4544,29.4935,29.4935,29.4805,29.2982,29.5456,29.4284,35.1159,29.6237,29.5456,29.5729,29.5456,29.3893,29.4544,29.5326,29.4935,29.5065,29.6107,29.5586,29.3242,29.4935,29.4414,29.4805,29.5846,29.6107,29.3503,29.4414,29.4544,29.3880,29.4010,29.4284,29.4805,29.4661,29.4674,29.5326,29.4805,29.4544,29.5846,29.4674,29.2461,29.4544,29.5065,29.5195,29.5586,29.5586,29.5195,29.2331,29.5195,29.4544,29.4023,29.4023,34.9857,29.5195,29.5065,29.3372,29.4674,29.4935,29.4674,29.5586,29.5586,29.3880,29.5469"
normalizing a fully mergeable tiling of boxes - 1,"small, embedded in 3d",100,548,2466000,45.6919,45.2612,47.4933,3.8044,0.6930,8.8425,"benchmark,group:grid","45.4106,45.4106,45.6861,45.3376,45.2099,82.3796,45.3741,45.3577,45.2646,45.3376,45.1734,45.1734,45.4836,45.3577,45.4106,45.5383,45.3942,45.5748,45.5401,45.4836,45.3558,44.8814,45.2828,45.1734,45.3011,45.1734,45.0620,44.9708,45.1551,45.4489,45.6113,45.3942,45.2828,45.1551,45.3558,45.3558,45.5766,45.2828,45.5018,45.5219,45.3923,45.3923,44.8631,45.2646,51.6642,45.1186,45.1004,45.0091,44.9726,44.6423,45.1369,44.9726,44.9909,44.9544,44.9361,44.9161,44.9161,44.8449,44.9726,44.9909,45.0821,44.8978,45.0985,44.8814,44.9909,45.0091,45.0456,45.0274,45.0274,44.9909,44.8613,44.8266,44.9361,45.0821,45.0821,44.9179,44.7336,45.0091,45.0456,45.0274,44.8449,44.8248,45.0821,44.6807,51.5912,45.4288,45.5018,45.2464,45.1004,45.1551,46.0511,44.7719,45.2646,45.3741,45.5766,45.4471,45.7226,45.4288,45.2646,45.4672"
normalizing a fully mergeable tiling of boxes - 1,"medium, native",100,78,2511600,319.3254,312.3746,351.1937,65.1514,6.3499,154.6459,"benchmark,group:grid","315.4487,314.2821,317.7564,318.3974,320.9615,320.5897,320.8333,320.8462,318.0128,320.9744,319.9359,310.8205,306.0769,307.8590,306.0769,309.0128,308.3718,308.1282,308.6410,352.9487,311.3333,307.6154,309.0256,308.6282,307.8718,307.4872,308.1154,306.7179,309.1538,308.2436,311.3333,315.3077,315.4487,307.4872,309.0128,313.3846,315.1923,314.7949,316.0897,312.5000,309.9231,309.2692,309.0256,308.5128,308.0000,306.0641,308.0000,308.5000,309.4103,311.6026,315.4359,313.7821,309.2821,308.1154,308.2564,308.3846,308.8974,306.7051,312.4872,312.6282,963.2051,311.6026,306.5769,308.5128,308.5000,309.0128,309.1538,309.4103,306.5769,308.5000,308.5128,308.5128,308.3718,308.5000,307.2308,308.5128,313.6410,316.9872,316.0897,316.2179,314.4103,316.0897,316.2179,313.7821,313.1282,315.9615,314.9359,314.1538,315.3205,315.5769,314.9359,315.3077,316.2179,312.8846,315.9487,314.1667,314.8077,315.1795,315.1923,361.6923"
normalizing a fully mergeable tiling of boxes - 1,"medium, embedded in 3d",100,49,2499000,506.1712,504.7945,509.5161,10.1922,2.9829,18.0512,"benchmark,group:grid","503.7755,502.9592,516.0408,508.0612,507.2653,508.0612,505.2041,507.2449,508.2857,507.2449,506.2245,507.0408,506.2245,505.8163,508.8980,506.8367,507.0408,507.6735,507.0408,507.2449,507.0408,508.6939,508.8776,507.8571,508.0816,508.6735,506.6327,506.0204,512.1633,510.5306,508.6735,507.8571,507.6735,509.4898,505.0000,507.4490,507.0612,507.4490,507.0408,506.8367,508.2857,576.3469,499.8980,502.9592,502.9592,503.3673,504.1633,503.1429,505.0000,500.3061,503.7755,503.1633,502.9592,503.1633,504.5918,500.4898,504.5918,502.5510,501.9388,503.1633,503.5510,501.7143,499.2857,502.3469,502.1224,502.1429,502.9592,503.9796,502.1429,500.4898,502.5510,502.1429,501.7347,503.3469,504.9796,502.7347,502.1429,504.1837,504.1837,505.2041,504.3878,572.6735,502.3469,500.7143,503.3673,503.3673,503.7755,504.5918,503.7551,503.9592,499.4898,503.7755,502.1429,502.9388,502.7347,501.7347,499.6939,501.9184,502.3469,503.3673"
normalizing a fully mergeable tiling of boxes - 1,"large, native",100,4,3155600,7775.4275,7752.1800,7826.1825,167.6533,86.4221,273.0435,"benchmark,group:grid","7794.2500,7724.2500,7814.2500,7711.7500,7766.7500,7784.2500,7766.7500,7736.7500,8833.7500,7749.2500,7764.2500,7721.5000,7714.0000,7759.2500,7726.7500,7704.0000,7761.7500,7759.2500,7696.7500,7689.0000,7771.7500,7754.2500,7699.2500,7709.0000,7779.2500,7751.5000,7714.2500,7739.2500,7734.2500,7706.5000,7696.7500,7749.2500,7746.5000,7724.2500,7724.2500,7789.2500,7771.7500,7731.7500,7716.5000,7789.2500,7846.7500,8723.7500,7769.2500,7781.7500,7799.2500,7726.7500,7711.5000,7771.7500,7796.7500,7756.7500,7724.0000,7807.0000,7809.2500,7711.7500,7739.0000,7754.0000,7739.2500,7741.7500,7816.7500,7751.5000,7709.2500,7791.7500,7761.7500,7721.7500,7686.5000,7786.7500,7784.2500,7739.0000,7736.5000,7736.7500,7714.2500,7709.0000,7739.2500,8543.2500,7749.2500,7736.7500,7706.5000,7684.2500,7766.7500,7761.7500,7701.5000,7739.2500,7794.2500,7731.7500,7694.0000,7744.2500,7756.7500,7694.2500,7691.5000,7771.7500,7791.7500,7739.2500,7709.2500,7739.2500,7814.2500,7689.0000,7782.0000,7766.7500,7791.7500,7779.2500"
normalizing a fully mergeable tiling of boxes - 1,"large, embedded in 3d",100,2,2736200,13296.0200,13255.4600,13388.6550,306.2233,172.4688,494.3578,"benchmark,group:grid","13219.0000,13259.0000,13299.5000,14932.0000,13204.5000,13309.0000,13314.5000,13229.0000,13194.0000,13199.0000,13219.5000,13264.0000,13309.5000,13274.0000,13214.0000,13249.5000,13254.0000,13299.5000,13319.0000,13219.5000,13229.0000,13244.0000,13219.0000,13284.5000,13274.0000,13254.5000,13214.0000,13199.0000,13279.5000,13294.0000,13309.5000,13224.0000,13229.0000,13194.0000,13259.0000,13244.0000,13289.5000,13214.0000,13244.0000,13254.5000,13249.0000,15148.0000,13294.0000,13254.5000,13224.0000,13139.0000,13229.0000,13269.0000,13249.0000,13284.0000,13199.0000,13209.0000,13224.0000,13284.0000,13299.0000,13269.0000,13219.0000,13274.0000,13244.0000,13244.0000,13324.0000,13299.0000,13209.0000,13234.5000,13229.0000,13279.0000,13249.5000,13174.0000,13219.0000,13149.0000,13224.0000,13254.5000,13274.0000,13294.5000,13244.0000,13214.0000,13204.0000,13224.5000,14982.5000,13264.0000,13224.0000,13194.0000,13179.0000,13164.0000,13249.0000,13274.0000,13259.5000,13184.0000,13234.0000,13229.5000,13264.0000,13279.0000,13214.5000,13249.0000,13194.0000,13239.0000,13254.0000,13274.0000,13179.0000,13179.0000"
normalizing a fully mergeable tiling of boxes - 2,"small, native",100,232,2482400,106.3862,105.9320,107.5383,3.2629,0.3922,5.9894,"benchmark,group:grid","106.0560,106.0560,106.8319,105.1897,105.8405,105.4914,105.7112,106.3578,106.4009,106.2716,105.1897,105.8836,106.2716,106.3578,106.2672,105.9267,105.1940,105.9224,106.2284,106.1853,105.7543,105.7500,105.3233,104.6293,105.7069,106.3103,105.9698,105.4957,105.8793,105.1078,105.8362,106.3147,106.4009,127.0000,106.2284,105.8836,105.9224,105.2759,105.9267,106.0517,106.2284,106.2284,106.0129,106.4871,105.1897,106.0129,105.8836,105.9224,106.1422,106.3147,105.2328,105.9267,105.9267,105.8836,106.2672,106.1853,105.9698,105.7543,105.8793,105.9267,106.0991,106.4009,106.3147,105.3190,105.3233,106.2672,106.0991,106.0991,106.3147,105.8405,105.1466,106.3578,106.0560,130.9698,106.1853,105.9698,106.0560,106.0991,105.2328,106.1422,106.0129,106.1379,106.0560,106.1853,105.9698,105.0603,106.0129,106.0560,106.0517,106.0129,106.0991,105.3190,106.0560,105.8405,106.0129,105.9224,106.0991,106.0991,105.4052,106.1422"
normalizing a fully mergeable tiling of boxes - 2,"small, embedded in 3d",100,207,2484000,100.6959,100.2234,101.8781,3.4227,0.7656,6.2097,"benchmark,group:grid","100.1304,100.2271,107.7826,100.2271,100.0870,100.2754,100.2802,100.1787,100.1353,100.1304,100.2754,100.0870,100.1787,100.0870,100.2271,100.1787,100.0821,100.2754,99.9903,100.2271,100.0821,100.0338,100.2754,100.0870,100.1304,99.9855,100.2271,100.0821,100.0386,100.2271,100.0386,100.1787,99.9855,121.7198,100.3285,100.0338,100.1787,100.0821,100.1787,100.0870,100.0821,100.1787,100.0821,100.1304,100.1836,100.0821,100.1787,100.0821,100.1787,100.0870,100.1787,99.9855,100.1304,100.2271,100.1353,100.2271,100.0386,100.0821,100.2271,100.0870,100.1304,100.0870,100.2271,100.1304,100.0870,100.1304,100.1353,100.1787,100.1304,100.1836,100.1304,100.0870,100.2271,100.3285,100.3237,100.1304,100.1304,100.2754,100.1353,100.3237,100.0870,126.1691,99.9420,100.0338,100.1787,100.0386,100.1787,99.9903,100.1787,100.2754,100.3285,100.1787,100.1836,100.1304,100.0870,100.0338,100.1787,100.0870,100.1787,99.9903"
normalizing a fully mergeable tiling of boxes - 2,"medium, native",100,29,2569400,881.8245,879.3097,888.1452,18.2218,3.1147,32.8806,"benchmark,group:grid","879.5172,881.6207,881.9310,872.6207,872.6207,874.3448,878.8276,880.5862,879.8621,877.4483,876.0690,880.8966,874.0345,880.8966,877.7931,879.8621,878.8276,879.5517,877.7931,876.4483,872.2759,880.8966,878.5172,879.8621,877.4828,880.8966,873.6552,877.1379,872.6207,880.8966,874.3793,876.4138,879.8621,881.2759,878.1379,876.7931,876.0690,882.6552,1010.4483,887.1379,878.5172,880.2069,880.5862,877.7931,879.5517,882.2759,875.7241,881.2414,878.8276,880.2069,879.1724,878.8276,883.6897,884.3448,879.5517,883.3448,878.8276,880.9310,880.8966,884.7241,884.3793,878.4828,876.4138,874.7241,877.4483,880.8966,880.2069,880.5862,876.0690,880.8966,881.9655,874.0000,876.0690,878.4828,875.7241,881.2759,880.2069,1004.6207,882.2759,883.0000,875.7241,876.7931,879.8621,881.6207,882.6207,881.9655,877.7931,883.3448,879.8966,875.3793,882.9655,882.9655,883.0000,880.5517,884.3793,879.8966,879.8621,877.4483,876.0690,884.3793"
normalizing a fully mergeable tiling of boxes - 2,"medium, embedded in 3d",100,24,2529600,1043.3983,1039.3917,1053.0129,30.8034,16.0768,51.3391,"benchmark,group:grid","1039.3750,1203.8750,1054.4167,1032.7083,1037.7083,1039.4167,1040.6250,1039.8333,1039.3750,1039.3750,1031.4583,1036.8750,1036.0417,1035.6250,1036.5000,1038.9583,1038.5417,1034.0000,1040.2083,1037.2917,1037.7500,1196.3333,1041.0833,1041.4583,1040.2500,1035.2083,1039.7917,1035.6667,1033.5417,1039.3750,1039.4167,1038.9583,1038.5417,1036.4583,1040.2083,1039.8333,1040.6250,1038.5833,1039.3750,1038.9583,1032.2917,1038.5417,1037.2917,1041.5000,1041.0417,1040.2500,1040.6250,1031.4583,1040.6667,1039.7917,1039.8333,1038.9583,1039.3750,1041.0833,1034.3750,1039.8333,1042.7083,1041.0833,1038.9583,1039.3750,1039.4167,1248.1250,1038.9583,1035.2083,1048.5833,1041.9167,1037.7083,1035.2083,1036.0833,1036.4583,1030.6250,1038.9583,1035.6667,1036.8750,1035.6250,1036.0417,1034.0000,1036.8750,1036.4583,1034.7917,1034.8333,1037.7083,1036.8750,1041.9167,1033.1250,1036.4583,1041.5000,1038.5417,1036.0417,1035.2500,1037.2917,1034.3750,1039.8333,1039.7917,1040.2083,1037.2917,1033.9583,1036.8750,1033.5417,1038.1667"
normalizing a fully mergeable tiling of boxes - 2,"large, native",100,1,3822100,37387.4700,37272.6100,37604.2800,779.9650,453.1963,1172.9813,"benchmark,group:grid","37088.0000,37329.0000,38210.0000,37449.0000,37499.0000,41396.0000,37490.0000,37138.0000,37129.0000,37068.0000,37209.0000,37238.0000,37259.0000,37219.0000,37078.0000,37089.0000,37238.0000,37189.0000,37529.0000,37209.0000,37048.0000,37169.0000,37279.0000,36978.0000,37209.0000,37218.0000,37249.0000,37059.0000,36988.0000,37188.0000,37289.0000,40756.0000,37739.0000,37169.0000,36848.0000,37148.0000,37058.0000,37219.0000,37198.0000,37389.0000,37289.0000,37389.0000,37279.0000,37219.0000,37268.0000,37059.0000,37299.0000,37158.0000,37139.0000,37439.0000,37349.0000,36998.0000,37149.0000,36978.0000,37078.0000,37219.0000,37159.0000,37078.0000,40715.0000,37109.0000,37469.0000,37239.0000,37188.0000,37429.0000,37149.0000,37149.0000,36928.0000,37278.0000,37138.0000,36838.0000,37389.0000,37269.0000,36968.0000,37389.0000,37489.0000,37149.0000,37138.0000,37279.0000,37249.0000,37098.0000,37389.0000,37419.0000,37028.0000,37459.0000,37058.0000,41437.0000,37259.0000,37279.0000,37349.0000,37228.0000,37369.0000,37159.0000,37158.0000,37259.0000,37339.0000,37008.0000,37189.0000,37409.0000,37870.0000,37239.0000"
normalizing a fully mergeable tiling of boxes - 2,"large, embedded in 3d",100,1,4148500,41544.1400,41435.0700,41746.5200,732.5545,400.4641,1088.6911,"benchmark,group:grid","41277.0000,41396.0000,42359.0000,41567.0000,41346.0000,41497.0000,41397.0000,41527.0000,41496.0000,41377.0000,41156.0000,41216.0000,41407.0000,41276.0000,41337.0000,41256.0000,41267.0000,41426.0000,41417.0000,41326.0000,41487.0000,41617.0000,41307.0000,44903.0000,41557.0000,41497.0000,41406.0000,41337.0000,41396.0000,41226.0000,41446.0000,41316.0000,41427.0000,41066.0000,41376.0000,41417.0000,41376.0000,41296.0000,41256.0000,41247.0000,41546.0000,41566.0000,41567.0000,41557.0000,41317.0000,41136.0000,41376.0000,44914.0000,41416.0000,41317.0000,41316.0000,41257.0000,41366.0000,41257.0000,41346.0000,41206.0000,41567.0000,41437.0000,41557.0000,41146.0000,41327.0000,41306.0000,41136.0000,41407.0000,41386.0000,41237.0000,41286.0000,41477.0000,41517.0000,41446.0000,41407.0000,41537.0000,45274.0000,41296.0000,41557.0000,41477.0000,41547.0000,41256.0000,41457.0000,41316.0000,41486.0000,41367.0000,41376.0000,41277.0000,41256.0000,41267.0000,41647.0000,41276.0000,41507.0000,41356.0000,41527.0000,41367.0000,41316.0000,41687.0000,41436.0000,41587.0000,45094.0000,41597.0000,41376.0000,41517.0000"
normalizing a fully mergeable tiling of boxes - 3,"small, native",100,99,2494800,249.5673,248.6731,251.8299,6.4208,0.7867,11.8650,"benchmark,group:grid","249.1414,248.8384,253.4949,249.5455,249.1313,248.1212,248.9394,247.9293,248.6364,248.7273,249.2424,249.2424,249.3434,246.5051,248.6263,248.2323,248.1313,248.5253,249.3333,249.9495,248.6263,249.1414,247.6263,298.9293,247.3232,248.8283,248.9394,248.5354,248.7374,248.4343,248.6263,248.7374,248.8384,248.6364,248.5354,248.7273,248.9394,248.7374,247.3232,249.3434,248.4242,248.9394,248.5354,248.4343,248.6263,248.3232,248.4343,248.5354,248.4242,247.8182,248.3333,248.1313,247.3131,248.4343,248.7374,248.4242,248.3232,248.2323,248.4343,248.6263,248.3232,248.2323,248.2323,288.9091,248.6364,249.2424,249.5455,247.0101,248.5354,248.6364,249.1414,249.3434,248.8283,248.3333,248.3333,248.7374,248.9394,249.2323,248.7273,248.9394,249.4444,247.2222,248.6263,248.8384,249.3434,248.7374,249.3434,248.7374,248.4242,248.4242,249.3434,249.3434,249.2424,248.1313,249.1414,247.1111,248.1313,248.4343,249.3333,248.8283"
normalizing a fully mergeable tiling of boxes - 3,"medium, native",100,17,2618000,1492.5400,1487.1065,1504.8024,40.6381,22.5053,65.2705,"benchmark,group:grid","1472.7059,1472.6471,1510.3529,1489.1765,1476.1765,1482.1176,1488.5882,1488.5882,1492.7647,1484.4706,1491.5294,1480.9412,1478.5294,1487.4118,1485.0588,1493.2941,1487.4118,1488.0000,1736.7059,1480.3529,1479.1765,1476.7647,1483.8235,1483.2941,1485.0588,1477.4118,1475.0588,1478.0000,1470.2941,1477.4118,1478.5882,1487.4118,1486.8235,1482.7059,1487.4118,1489.7647,1483.8824,1485.6471,1482.7059,1486.2353,1492.1176,1494.4706,1486.2353,1489.1765,1474.4706,1480.3529,1486.8235,1485.6471,1485.0588,1484.4706,1483.8824,1488.5882,1479.1765,1487.4118,1486.2353,1484.4706,1483.2941,1484.4706,1721.3529,1487.4118,1480.2941,1489.1765,1485.6471,1495.0588,1493.2941,1493.8824,1493.3529,1489.1765,1474.4118,1483.2941,1483.2941,1490.3529,1491.0000,1487.4118,1488.5882,1482.1176,1489.7647,1488.5882,1490.3529,1484.4706,1488.5882,1482.1176,1486.2353,1484.4706,1474.4706,1485.6471,1483.2941,1488.5882,1490.9412,1496.2353,1486.8235,1493.9412,1487.4118,1493.2941,1483.8824,1483.2941,1487.4118,1704.2941,1483.2941,1486.8235"
normalizing a fully mergeable tiling of boxes - 3,"large, native",100,1,4733100,46897.4800,46743.5200,47176.5400,1035.7555,637.8174,1504.2938,"benchmark,group:grid","46676.0000,46286.0000,47639.0000,50464.0000,46937.0000,46957.0000,46727.0000,46576.0000,46577.0000,46466.0000,46716.0000,46686.0000,46617.0000,46877.0000,46736.0000,46667.0000,46617.0000,46766.0000,46597.0000,46476.0000,46787.0000,46757.0000,46536.0000,46406.0000,46607.0000,52187.0000,46666.0000,46717.0000,46426.0000,46757.0000,46546.0000,46907.0000,46666.0000,46717.0000,46897.0000,46446.0000,46346.0000,46827.0000,46496.0000,46817.0000,46516.0000,46486.0000,46747.0000,46806.0000,46667.0000,46687.0000,51385.0000,46787.0000,46787.0000,46206.0000,46556.0000,46366.0000,46637.0000,46556.0000,46667.0000,46636.0000,46717.0000,46536.0000,46547.0000,46556.0000,46496.0000,46787.0000,46687.0000,46857.0000,46787.0000,46726.0000,46597.0000,51415.0000,46726.0000,46727.0000,46396.0000,46887.0000,46767.0000,46656.0000,46496.0000,46646.0000,46657.0000,46656.0000,46746.0000,46597.0000,46827.0000,46626.0000,46827.0000,46847.0000,46767.0000,46767.0000,46616.0000,46567.0000,46776.0000,51105.0000,46947.0000,46856.0000,46437.0000,46646.0000,46697.0000,46817.0000,46426.0000,46556.0000,46497.0000,46416.0000"
performing set operations between randomized regions - 2d,"union, small, native",100,29,2531700,865.4121,862.2583,872.5886,23.5452,13.6489,37.6160,"benchmark,group:grid","863.9655,863.6552,887.4828,870.5517,868.4828,862.5862,865.0000,864.3448,865.7241,861.2069,862.9655,862.2414,865.7241,859.8276,861.2414,864.6552,854.3103,858.4483,860.5172,993.2069,866.4138,863.2759,864.3448,862.6207,864.6552,856.0345,859.5172,862.2414,861.2414,860.5172,860.8966,860.8621,853.2759,861.2414,860.1724,862.6207,863.6207,859.8621,859.4828,854.6552,863.3103,860.8621,860.5517,864.3103,859.8621,860.1724,853.9655,863.6552,861.5517,859.8621,861.2069,862.2759,860.5172,854.3103,859.8621,862.2414,860.8966,861.8966,860.1724,1002.5172,861.5517,859.8621,857.4138,862.9310,861.5517,862.9655,859.4828,861.8966,861.2069,855.3448,862.6207,863.6207,860.2069,861.5517,861.9310,860.8621,855.0000,859.8621,862.5862,862.2759,861.5517,861.2414,861.5517,855.6897,859.8621,862.5862,861.5862,860.8621,861.2414,860.8621,861.9310,853.9655,861.2069,860.8966,860.5172,862.9655,858.7931,858.4483,856.7241,996.3103"
performing set operations between randomized regions - 2d,"union, small, embedded in 3d",100,25,2572500,1020.2324,1016.7928,1029.0616,24.9924,4.3988,45.4030,"benchmark,group:grid","1016.2400,1018.2400,1047.8800,1021.0800,1017.0400,1022.6800,1016.6400,1021.0800,1019.0400,1019.0400,1017.0800,1017.4400,1009.8400,1013.8400,1018.6800,1018.2400,1019.4800,1017.4400,1017.4400,1014.2400,1010.6400,1019.0400,1016.2400,1019.0800,1017.4400,1016.6400,1017.0800,1017.0400,1007.8400,1017.8400,1016.6400,1017.4400,1018.2400,1017.4800,1200.6000,1017.4400,1016.2400,1019.0800,1012.2400,1019.0400,1016.2800,1013.8400,1016.2400,1014.6400,1018.2800,1014.6400,1009.0400,1018.6400,1017.0800,1017.8400,1018.2400,1018.6800,1015.4400,1018.2400,1010.2400,1017.8800,1016.2400,1015.4400,1017.0800,1017.0400,1018.2400,1013.4400,1010.6400,1018.2400,1015.0400,1016.6400,1015.0400,1017.4400,1015.4400,1020.2800,1005.8400,1015.0400,1019.4400,1184.2000,1018.2400,1014.2400,1019.8800,1018.6400,1018.2400,1014.2400,1010.6400,1019.0400,1013.8400,1021.4800,1016.6400,1015.4400,1015.0800,1016.6400,1011.8400,1016.2400,1017.4800,1015.4400,1017.8400,1013.8400,1018.2400,1018.2400,1010.6400,1018.2800,1014.2400,1016.6400"
performing set operations between randomized regions - 2d,"intersection, small, native",100,111,2486400,223.9602,223.1775,225.9354,5.6278,0.7973,10.2654,"benchmark,group:grid","223.3784,223.1081,227.1712,224.2793,221.7568,223.6486,223.4685,223.8288,223.1982,223.5676,223.5586,221.5676,223.0180,223.5586,223.2883,223.3784,223.2883,223.1081,221.4865,223.6486,223.1982,223.2883,223.2883,223.3784,223.5586,221.4865,223.3784,223.2883,223.0180,223.5586,223.1982,223.4685,221.4865,223.5586,223.3784,223.2883,223.1982,223.3784,222.1171,222.4775,223.4685,265.1712,223.6486,223.2883,223.6486,223.3784,222.7477,222.1171,223.4685,223.1982,223.5676,223.0180,223.3784,221.2973,223.5586,223.3784,223.4685,223.2883,223.5586,223.1982,221.3964,223.1982,223.3784,223.3784,223.3784,223.1081,223.6486,221.3063,223.5586,223.1982,223.1982,223.1982,223.4685,223.1982,221.4865,223.1982,223.5586,223.4685,223.3784,223.2883,223.2883,260.6577,222.0270,223.4685,223.5586,223.2883,223.3784,223.7387,223.5586,221.3874,223.4775,223.2883,223.8288,223.4685,223.5586,223.3784,221.3964,223.4685,223.3784,223.2883"
performing set operations between randomized regions - 2d,"intersection, small, embedded in 3d",100,100,2490000,253.3041,252.6037,255.0046,5.1500,1.2347,9.2463,"benchmark,group:grid","252.9600,253.6600,258.2700,253.3600,252.4600,252.5600,252.1600,249.2500,252.2600,251.8600,251.6600,252.2600,252.0600,251.7600,252.3600,249.1500,251.5600,252.5600,252.0600,252.0600,252.6600,251.9600,249.4500,252.2600,252.1600,251.8600,252.7600,252.1600,251.4600,253.0600,249.6500,251.4600,252.1600,252.0600,289.9300,252.9600,252.7600,252.2600,253.0600,249.8600,251.7500,252.3600,252.6600,252.6600,253.4700,254.3600,251.4600,252.4600,253.7600,253.0600,253.0600,253.4600,253.2600,253.6600,251.0500,252.8600,254.0600,253.1600,253.1600,253.6600,253.1600,253.6700,251.5500,252.9600,253.1600,253.4600,253.0600,253.0600,253.3600,254.0700,251.0500,253.5600,253.6600,253.2600,286.7200,253.9700,252.8600,254.1600,253.9600,250.9600,253.1600,251.4600,252.8600,252.7600,253.1600,253.2600,252.5600,250.4600,253.2600,252.6600,253.1600,252.8600,252.7600,252.8600,253.0700,250.4500,252.9600,253.2600,253.3700,252.7600"
performing set operations between randomized regions - 2d,"difference, small, native",100,25,2547500,1018.2124,1014.5252,1026.3212,26.7476,14.3457,43.3965,"benchmark,group:grid","1014.2400,1014.6400,1147.6800,1035.4800,1029.4800,1025.4400,1020.6800,1026.2800,1013.4400,1010.6400,1016.2400,1022.2800,1015.4400,1016.2400,1020.2800,1016.6400,1009.8400,1002.2400,1012.6400,1017.0400,1016.2400,1011.0000,1018.6400,1012.6400,1004.2400,1012.2400,1012.6400,1021.0400,1016.6400,1014.2400,1015.0400,1013.4400,1007.4400,1010.2400,1186.2000,1011.0400,1009.4400,1017.4400,1008.2400,1016.2400,1010.2400,1006.6400,1006.6400,1015.0400,1013.4400,1015.0800,1013.0400,1011.4400,1021.8400,1002.2400,1008.2400,1014.2400,1010.6400,1006.6400,1009.8400,1015.4400,1010.2400,1000.2400,1007.4400,1013.8400,1010.2400,1011.4400,1013.4400,1017.4400,1009.0000,1009.0400,1017.8800,1015.4400,1012.2400,1012.2400,1019.4800,1009.0400,1008.2400,1165.3200,1006.6400,1015.0400,1018.6400,1016.2800,1013.8400,1017.0400,1012.6400,1018.6800,1007.4400,1010.6400,1013.0400,1014.6400,1015.4400,1019.0800,1012.6400,1013.8400,1007.0400,1015.0400,1019.4800,1009.8400,1012.6400,1017.8400,1014.2400,1014.6400,1009.8000,1011.0000"
performing set operations between randomized regions - 2d,"difference, small, embedded in 3d",100,21,2568300,1199.9314,1194.9205,1211.3886,38.4326,21.3474,61.7880,"benchmark,group:grid","1189.2857,1192.6667,1216.4762,1196.4762,1403.5238,1206.9524,1199.8095,1205.5238,1195.5238,1196.4762,1195.9524,1184.5238,1188.8095,1196.9524,1197.9048,1201.2381,1191.6667,1194.0952,1185.9524,1194.0952,1194.0952,1191.1905,1194.5714,1197.9048,1190.2381,1195.5238,1183.0952,1192.6667,1192.6190,1194.5714,1195.5238,1196.9524,1188.8095,1192.1905,1187.8571,1195.5238,1193.0952,1189.3333,1195.0476,1192.1429,1190.7619,1194.0476,1187.9048,1195.4762,1417.3333,1191.2381,1190.2381,1189.8095,1194.5238,1186.0000,1193.5714,1192.6667,1189.2857,1196.9524,1196.9524,1186.9048,1189.8095,1196.0000,1192.1429,1196.0000,1188.3333,1190.7619,1192.6667,1192.1429,1188.3810,1193.5714,1193.6190,1189.7619,1191.7143,1196.0000,1191.1905,1191.2381,1195.4762,1192.6190,1194.5714,1189.7619,1186.9524,1194.0476,1184.5714,1192.1429,1189.8095,1193.5714,1194.0952,1193.6190,1429.2857,1194.5238,1191.6667,1189.8095,1194.0476,1196.9524,1195.5238,1193.5714,1194.0952,1198.3810,1189.7619,1191.2381,1192.1905,1196.4286,1195.0476,1195.5238"
performing set operations between randomized regions - 2d,"union, medium, native",100,2,2672200,13406.3000,13366.1000,13507.8150,299.0478,84.5061,532.1352,"benchmark,group:grid","13224.0000,13269.0000,13930.5000,13394.5000,13469.5000,13540.0000,13309.0000,13374.5000,13454.5000,13404.5000,13329.5000,13359.5000,13279.0000,13354.5000,13414.5000,13329.5000,13359.0000,13304.5000,13349.5000,13244.0000,13354.5000,13359.5000,13264.0000,13359.5000,13364.5000,13374.0000,13344.5000,13374.5000,13334.5000,13374.0000,13334.0000,13349.5000,13244.0000,13339.5000,13409.5000,13299.0000,15448.0000,13279.5000,13404.5000,13374.0000,13419.5000,13404.0000,13329.0000,13364.5000,13374.5000,13389.5000,13349.0000,13349.0000,13399.5000,13374.5000,13254.0000,13364.5000,13379.5000,13474.5000,13294.5000,13374.5000,13334.0000,13389.5000,13354.5000,13324.5000,13414.5000,13354.0000,13349.5000,13289.5000,13434.5000,13434.5000,13389.5000,13389.5000,13419.5000,13274.0000,13379.5000,13434.5000,13600.0000,15393.0000,13379.5000,13294.5000,13404.5000,13414.5000,13344.0000,13319.5000,13359.5000,13349.0000,13374.5000,13424.5000,13374.5000,13354.5000,13304.0000,13319.0000,13329.5000,13389.5000,13399.5000,13284.0000,13294.5000,13349.0000,13284.5000,13389.5000,13344.5000,13299.0000,13394.5000,13324.5000"
performing set operations between randomized regions - 2d,"union, medium, embedded in 3d",100,2,2999000,14907.8600,14849.8800,15026.7500,405.0492,216.3244,660.0329,"benchmark,group:grid","14912.0000,14962.5000,16179.5000,15127.5000,15067.5000,14917.0000,14847.5000,14832.0000,14802.0000,14882.0000,14852.0000,14767.5000,14797.0000,14702.0000,14752.0000,14787.0000,14927.5000,14787.0000,14862.0000,14797.5000,14877.0000,14877.5000,14947.0000,14877.0000,14787.0000,14807.0000,16840.5000,14701.5000,14847.5000,14797.0000,14782.0000,14822.5000,14872.0000,14767.0000,14807.0000,14812.0000,14897.0000,14752.0000,14757.0000,14837.0000,14802.0000,14812.0000,14867.0000,14872.0000,14872.0000,14777.0000,14777.0000,14812.5000,14717.0000,14752.0000,14757.0000,14717.0000,14732.0000,14807.0000,14797.0000,14887.5000,14777.0000,14837.0000,14817.5000,16710.5000,14907.5000,14817.0000,14822.0000,14777.5000,14802.0000,14877.0000,14757.0000,14837.0000,14802.0000,14847.5000,14842.0000,14862.0000,14807.5000,14897.0000,14857.5000,14877.0000,14892.5000,14807.0000,14852.5000,14872.0000,14892.5000,14932.5000,14852.0000,14942.5000,14777.0000,14882.0000,14787.0000,14702.0000,14887.0000,14797.0000,14837.5000,14807.0000,14722.0000,17502.0000,14757.0000,14797.0000,14752.0000,14782.0000,14837.0000,14802.0000"
performing set operations between randomized regions - 2d,"intersection, medium, native",100,11,2649900,2353.4064,2345.9382,2372.3800,53.8081,6.4681,99.0717,"benchmark,group:grid","2341.5455,2345.1818,2358.8182,2343.2727,2347.0000,2344.2727,2347.9091,2338.8182,2339.6364,2340.5455,2340.5455,2346.0909,2349.8182,2339.6364,2341.4545,2346.0909,2337.8182,2338.8182,2337.0000,2335.1818,2336.0909,2342.4545,2338.8182,2341.5455,2341.5455,2341.5455,2341.4545,2343.2727,2338.7273,2686.8182,2347.9091,2344.2727,2351.5455,2350.6364,2347.0000,2348.8182,2352.4545,2346.0909,2350.7273,2347.9091,2333.2727,2357.0000,2357.0000,2353.3636,2354.2727,2351.5455,2351.5455,2352.4545,2353.3636,2345.1818,2352.4545,2350.7273,2353.3636,2352.4545,2347.9091,2348.8182,2350.6364,2347.0000,2351.6364,2350.6364,2352.4545,2347.9091,2353.3636,2351.5455,2347.0000,2344.1818,2353.3636,2349.7273,2764.1818,2342.4545,2347.9091,2347.0000,2331.4545,2348.8182,2348.8182,2347.9091,2350.6364,2347.0000,2347.9091,2352.4545,2347.9091,2323.3636,2343.3636,2342.4545,2349.7273,2348.8182,2347.0000,2348.8182,2354.2727,2344.2727,2329.6364,2343.3636,2342.4545,2342.4545,2342.4545,2344.2727,2343.3636,2340.6364,2345.1818,2327.0000"
performing set operations between randomized regions - 2d,"intersection, medium, embedded in 3d",100,12,2650800,2164.0158,2155.9108,2182.3342,60.6054,32.1200,97.6393,"benchmark,group:grid","2140.5000,2153.0833,2177.3333,2159.7500,2163.1667,2171.4167,2161.4167,2160.5833,2160.5833,2162.2500,2164.8333,2167.2500,2163.0833,2149.7500,2167.2500,2160.5833,2532.1667,2174.0000,2158.9167,2162.2500,2156.4167,2148.9167,2148.9167,2147.2500,2137.2500,2150.5833,2150.5833,2152.2500,2159.8333,2154.7500,2149.7500,2148.9167,2158.9167,2136.4167,2149.7500,2152.2500,2155.5833,2156.4167,2153.9167,2155.6667,2151.4167,2150.5833,2138.8333,2152.2500,2150.5833,2153.9167,2160.5833,2168.9167,2163.9167,2157.2500,2158.9167,2146.4167,2138.0833,2149.7500,2146.4167,2466.1667,2155.5833,2161.4167,2152.2500,2153.0833,2151.4167,2153.9167,2135.5833,2146.4167,2152.2500,2146.4167,2148.9167,2149.7500,2151.4167,2143.9167,2143.9167,2133.0000,2159.7500,2161.4167,2154.7500,2153.9167,2143.9167,2145.5833,2158.0833,2144.7500,2131.4167,2156.4167,2157.2500,2148.9167,2148.9167,2146.4167,2148.9167,2150.5833,2162.2500,2148.9167,2150.5833,2150.5833,2152.2500,2514.5833,2157.3333,2154.7500,2160.5833,2154.7500,2154.7500,2161.5000"
performing set operations between randomized regions - 2d,"difference, medium, native",100,4,3313200,8117.2525,8090.2675,8176.0725,194.1041,110.1117,309.0144,"benchmark,group:grid","8067.2500,8087.2500,8463.0000,8104.7500,8177.5000,8137.2500,8050.0000,8082.2500,8130.0000,8122.5000,8124.7500,8072.5000,8049.7500,8097.2500,8077.5000,8042.2500,8122.5000,8047.2500,8059.7500,9237.0000,8115.0000,8122.5000,8099.7500,8090.0000,8069.7500,8064.7500,8090.0000,8029.7500,8077.2500,8090.0000,8077.2500,8092.2500,8122.2500,8017.2500,8115.0000,8057.2500,8079.7500,8059.7500,8152.5000,8064.7500,8135.0000,8062.2500,8052.2500,8062.2500,8064.7500,8120.0000,8077.2500,8077.2500,8072.5000,9086.7500,8079.7500,8085.0000,8084.7500,8102.5000,8084.7500,8067.2500,8110.0000,8049.7500,8054.7500,8067.5000,8027.2500,8064.7500,8059.7500,8100.0000,8062.2500,8069.7500,8034.7500,8077.2500,8069.7500,8057.2500,8070.0000,8059.7500,8112.5000,8029.7500,8067.2500,8079.7500,8100.0000,8120.0000,8067.2500,8102.5000,9229.5000,8089.7500,8087.5000,8094.7500,8064.7500,8050.0000,8049.7500,8047.2500,8120.0000,8122.2500,8027.2500,8075.0000,8102.2500,8102.5000,8052.2500,8037.2500,8072.2500,8064.7500,8117.2500,8052.2500"
performing set operations between randomized regions - 2d,"difference, medium, embedded in 3d",100,4,3075200,8677.3450,8651.3850,8731.1175,183.1071,106.9773,287.0825,"benchmark,group:grid","8661.0000,8628.2500,9111.7500,8743.5000,8648.5000,8643.5000,8648.2500,8575.7500,8640.7500,8681.0000,8573.2500,8681.0000,8631.0000,8643.5000,8633.2500,8601.0000,8600.7500,8608.2500,8683.5000,8616.0000,8653.5000,8668.2500,8618.5000,9675.2500,8676.0000,8631.0000,8661.0000,8671.0000,8638.2500,8646.0000,8595.7500,8658.5000,8641.0000,8650.7500,8641.0000,8693.5000,8671.0000,8663.5000,8658.5000,8643.2500,8681.0000,8656.0000,8600.7500,8621.0000,8646.0000,8670.7500,8663.2500,8591.0000,8633.2500,8671.0000,8651.0000,9620.2500,8668.5000,8615.7500,8668.5000,8633.5000,8640.7500,8633.5000,8691.0000,8656.0000,8661.0000,8640.7500,8638.5000,8706.0000,8666.0000,8643.5000,8673.5000,8598.2500,8651.0000,8610.7500,8656.0000,8608.2500,8626.0000,8635.7500,8648.5000,8631.0000,8580.7500,8620.7500,8610.7500,8630.7500,9710.2500,8641.0000,8628.2500,8701.0000,8638.2500,8718.7500,8623.2500,8585.7500,8653.5000,8651.0000,8625.7500,8586.0000,8628.2500,8611.0000,8640.7500,8633.5000,8593.2500,8621.0000,8635.7500,8648.5000"
performing set operations between randomized regions - 2d,"union, large, native",100,1,16386800,159384.7400,158795.0100,161293.7600,4865.1552,1789.5141,10820.2169,"benchmark,group:grid","157457.0000,203985.0000,165021.0000,158449.0000,158519.0000,158308.0000,157817.0000,157918.0000,163358.0000,158398.0000,158068.0000,159000.0000,157787.0000,157757.0000,162476.0000,158138.0000,158138.0000,157777.0000,158198.0000,158178.0000,162577.0000,158488.0000,157987.0000,158419.0000,157517.0000,157516.0000,157908.0000,163178.0000,158649.0000,157647.0000,158168.0000,158498.0000,158429.0000,162616.0000,157476.0000,158078.0000,157988.0000,157998.0000,158358.0000,162316.0000,158148.0000,158298.0000,157918.0000,157607.0000,158459.0000,158037.0000,164220.0000,158328.0000,158018.0000,158379.0000,157326.0000,158308.0000,163549.0000,158068.0000,158188.0000,158238.0000,157597.0000,157847.0000,163218.0000,157747.0000,157557.0000,157868.0000,157396.0000,157798.0000,162396.0000,158408.0000,157597.0000,157637.0000,157878.0000,157837.0000,158639.0000,163869.0000,158208.0000,158349.0000,157577.0000,158238.0000,157957.0000,162667.0000,158579.0000,158428.0000,158058.0000,158248.0000,158628.0000,162827.0000,159611.0000,158519.0000,158198.0000,158669.0000,158980.0000,158398.0000,162877.0000,158789.0000,157688.0000,158148.0000,158789.0000,157978.0000,162897.0000,158098.0000,158168.0000,157967.0000"
performing set operations between randomized regions - 2d,"union, large, embedded in 3d",100,1,17591800,172765.6800,172371.7300,173556.0100,2733.5790,1693.2238,5217.7708,"benchmark,group:grid","172044.0000,171543.0000,175921.0000,172986.0000,172294.0000,176583.0000,172245.0000,171744.0000,171864.0000,171544.0000,171884.0000,176583.0000,171523.0000,171353.0000,171914.0000,172125.0000,171313.0000,175821.0000,171523.0000,171423.0000,171764.0000,171073.0000,171413.0000,176453.0000,171373.0000,171683.0000,171292.0000,171753.0000,171504.0000,176262.0000,171714.0000,171934.0000,172215.0000,171573.0000,176032.0000,171674.0000,171654.0000,171984.0000,171594.0000,171904.0000,176152.0000,171864.0000,171183.0000,172084.0000,171995.0000,172144.0000,176463.0000,171413.0000,171704.0000,171393.0000,171914.0000,171664.0000,176212.0000,171854.0000,171654.0000,171664.0000,171533.0000,171553.0000,176322.0000,171614.0000,171713.0000,172055.0000,171323.0000,176262.0000,171654.0000,171363.0000,172395.0000,171854.0000,171153.0000,176302.0000,171664.0000,171383.0000,171543.0000,171974.0000,171814.0000,177384.0000,172375.0000,171674.0000,172195.0000,171774.0000,172094.0000,177385.0000,171964.0000,171924.0000,171293.0000,171624.0000,172435.0000,193385.0000,171914.0000,171934.0000,171503.0000,172215.0000,176383.0000,171824.0000,171413.0000,172144.0000,171853.0000,171633.0000,176583.0000,171754.0000"
performing set operations between randomized regions - 2d,"intersection, large, native",100,2,4391000,21498.8800,21432.2250,21619.3600,444.8195,278.4967,637.9064,"benchmark,group:grid","23233.0000,21524.5000,21855.5000,21479.5000,21470.0000,21384.5000,21414.5000,23508.5000,21560.0000,21354.5000,21489.5000,21400.0000,21504.5000,21364.5000,21469.5000,21359.5000,21430.0000,21344.5000,21359.5000,21344.5000,21419.5000,21344.5000,21440.0000,21319.5000,21394.5000,21304.5000,21399.5000,21439.5000,21244.0000,21480.0000,21369.5000,23634.0000,21349.5000,21384.5000,21349.5000,21450.0000,21309.0000,21404.5000,21299.5000,21439.5000,21319.5000,21470.0000,21294.0000,21494.5000,21354.5000,21490.0000,21389.5000,21475.0000,21349.5000,21484.5000,21380.0000,21494.5000,21284.5000,21359.5000,23373.5000,21404.5000,21284.5000,21429.5000,21399.5000,21404.5000,21324.5000,21374.5000,21425.0000,21329.5000,21414.5000,21419.5000,21405.0000,21289.0000,21404.5000,21414.5000,21414.5000,21344.5000,21379.5000,21464.5000,21485.0000,21274.5000,21374.5000,23258.0000,21409.5000,21314.5000,21334.5000,21400.0000,21409.5000,21424.5000,21410.0000,21409.5000,21344.5000,21500.0000,21339.5000,21484.5000,21274.5000,21450.0000,21314.5000,21494.5000,21294.5000,21384.5000,21334.5000,21440.0000,21369.5000,21394.5000"
performing set operations between randomized regions - 2d,"intersection, large, embedded in 3d",100,2,4055200,20338.8950,20268.9150,20463.7750,465.1532,273.3223,684.0461,"benchmark,group:grid","20383.0000,20092.0000,20808.5000,20413.0000,20553.0000,20387.5000,20512.5000,20262.5000,20373.0000,20247.5000,20392.5000,20518.0000,20117.0000,22492.0000,20302.5000,20468.0000,20152.0000,20322.5000,20182.5000,20317.5000,20132.5000,20402.5000,20237.5000,20212.5000,20387.5000,20112.5000,20327.5000,20172.5000,20372.5000,20352.5000,20077.0000,20137.0000,20007.0000,20312.5000,20102.0000,20001.5000,20067.5000,22371.5000,20407.5000,20157.5000,20132.0000,20418.0000,20272.5000,20147.0000,20267.5000,20272.5000,20062.0000,20522.5000,20262.5000,20032.0000,20001.5000,20182.5000,20357.5000,20182.5000,20297.5000,20102.0000,20077.0000,20002.0000,20207.5000,20357.5000,20508.0000,20182.0000,22447.0000,20187.0000,20282.5000,20272.5000,20012.0000,20057.5000,20152.0000,20032.0000,20232.5000,20122.5000,20317.5000,20367.5000,20212.5000,19982.0000,20357.5000,20287.5000,20342.5000,20122.5000,20222.5000,20372.5000,20077.0000,20072.5000,20012.0000,20352.5000,22657.0000,20262.5000,20122.0000,20217.5000,20217.5000,20432.5000,20538.0000,20342.5000,20147.0000,20423.0000,20347.5000,20177.5000,20267.5000,20347.5000"
performing set operations between randomized regions - 2d,"difference, large, native",100,1,63045800,623776.1500,623251.0800,624301.2800,2687.0567,2412.6731,3011.8051,"benchmark,group:grid","624122.0000,621006.0000,626296.0000,621457.0000,624662.0000,619653.0000,624242.0000,623240.0000,622138.0000,625754.0000,629082.0000,620494.0000,628901.0000,619713.0000,628730.0000,626777.0000,618421.0000,626165.0000,624442.0000,620083.0000,625144.0000,621467.0000,623059.0000,623391.0000,618851.0000,624563.0000,620314.0000,624251.0000,625114.0000,619804.0000,624883.0000,624222.0000,621226.0000,625324.0000,622739.0000,629542.0000,623791.0000,623340.0000,626306.0000,625895.0000,621988.0000,625434.0000,620555.0000,624432.0000,627298.0000,621887.0000,625975.0000,626095.0000,619914.0000,624893.0000,622188.0000,624142.0000,624101.0000,621206.0000,626305.0000,623962.0000,622037.0000,625094.0000,619473.0000,628790.0000,629061.0000,623249.0000,626836.0000,626597.0000,619853.0000,625034.0000,620294.0000,624924.0000,626426.0000,621867.0000,627668.0000,624472.0000,620615.0000,623400.0000,622178.0000,623040.0000,627518.0000,622679.0000,623991.0000,624272.0000,620786.0000,624292.0000,619072.0000,628119.0000,623100.0000,619252.0000,623351.0000,622659.0000,620124.0000,624763.0000,622748.0000,626656.0000,625074.0000,621316.0000,625214.0000,626286.0000,620094.0000,625294.0000,623660.0000,627408.0000"
performing set operations between randomized regions - 2d,"difference, large, embedded in 3d",100,1,68561900,718016.4100,701618.3300,742339.0000,100575.9937,73506.4351,127947.1005,"benchmark,group:grid","676822.0000,682813.0000,700006.0000,677442.0000,690578.0000,694065.0000,681009.0000,676972.0000,700617.0000,682292.0000,682172.0000,682001.0000,683054.0000,678294.0000,688965.0000,682422.0000,676762.0000,682663.0000,690537.0000,687713.0000,684496.0000,692451.0000,677423.0000,682983.0000,684406.0000,679828.0000,678755.0000,681320.0000,684857.0000,676902.0000,687061.0000,683685.0000,676892.0000,684426.0000,682232.0000,678545.0000,682251.0000,683243.0000,679637.0000,683835.0000,686150.0000,677893.0000,683163.0000,682523.0000,681440.0000,691319.0000,688735.0000,683394.0000,679757.0000,686310.0000,684426.0000,680508.0000,709764.0000,874045.0000,1040642.0000,1025513.0000,1025793.0000,1043496.0000,806928.0000,677022.0000,683534.0000,685217.0000,682102.0000,688053.0000,692521.0000,683725.0000,676441.0000,682362.0000,682663.0000,676180.0000,682192.0000,683865.0000,682022.0000,683875.0000,682011.0000,676561.0000,683414.0000,684686.0000,679868.0000,685889.0000,693433.0000,682031.0000,680739.0000,952936.0000,1027887.0000,1028058.0000,1073293.0000,1032636.0000,720074.0000,681110.0000,676811.0000,686150.0000,682171.0000,680809.0000,685578.0000,680468.0000,687703.0000,677192.0000,681521.0000,682612.0000"
performing set operations between randomized regions - 3d,"union, small, native",100,7,2746800,3882.8071,3866.2014,3922.1129,126.6746,68.4618,206.7384,"benchmark,group:grid","3867.0000,3859.8571,3993.0000,3864.1429,3838.4286,3847.0000,3865.7143,3862.7143,3875.7143,3854.1429,3864.1429,3865.7143,3837.0000,3855.5714,3872.8571,3869.8571,3871.4286,4591.2857,3871.2857,3862.8571,3865.5714,3872.7143,3864.1429,3864.1429,3851.2857,3835.5714,3841.2857,3869.8571,3851.2857,3867.1429,3857.0000,3859.8571,3849.8571,3852.7143,3837.0000,3842.7143,3872.8571,3849.8571,3872.7143,3857.1429,3874.1429,3870.0000,3849.8571,3849.8571,3865.7143,3854.1429,3858.4286,3871.4286,3862.7143,3858.4286,3868.4286,3845.5714,3865.7143,3878.4286,4526.8571,3862.8571,3852.7143,3854.1429,3865.7143,3872.7143,3870.0000,3858.4286,3858.4286,3855.5714,3837.0000,3834.1429,3841.2857,3861.2857,3874.2857,3879.8571,3865.5714,3862.7143,3848.4286,3847.0000,3852.7143,3859.8571,3857.1429,3872.7143,3852.7143,3862.8571,3857.0000,3844.1429,3847.0000,3858.5714,3877.0000,3865.7143,3882.7143,3855.5714,3855.5714,3862.7143,3847.1429,4664.2857,3877.0000,3844.1429,3844.1429,3842.7143,3871.2857,3855.5714,3872.8571,3871.2857"
performing set operations between randomized regions - 3d,"intersection, small, native",100,178,2474200,137.0560,136.5524,138.1715,3.7017,2.0268,6.0488,"benchmark,group:grid","136.4831,136.3146,137.8933,136.7640,136.6517,136.5393,136.7079,135.0169,137.0449,136.8202,136.7640,136.7135,136.5955,135.0787,136.5393,136.8764,136.8202,156.0169,136.9888,136.4831,135.2416,136.4831,136.7079,136.4831,136.8202,136.6011,135.1854,136.5449,136.6517,136.4270,136.5393,136.5393,135.6348,136.6011,136.6517,136.7640,136.4831,136.8820,135.4101,136.5393,136.6517,136.1461,136.8764,136.3708,136.0337,135.9157,136.9888,136.8202,136.4831,136.8258,136.6517,135.1910,136.4831,136.5955,136.4831,136.4831,136.3146,134.9045,160.4607,136.2022,136.5955,136.5393,136.6517,136.8202,134.6798,136.2022,136.5955,136.9382,136.3708,136.7079,135.1910,137.0449,137.0506,137.1011,136.7640,137.1067,135.0730,136.3764,136.5393,136.3708,136.5393,136.6517,136.2584,135.6404,136.0337,136.6011,136.7640,136.7079,136.4831,135.6966,136.9382,136.7640,136.3708,136.0899,136.4270,135.2472,136.3708,136.6517,136.5955,156.8596"
performing set operations between randomized regions - 3d,"difference, small, native",100,18,2523600,1387.0456,1382.5239,1398.2922,33.2108,8.2059,59.4016,"benchmark,group:grid","1378.0556,1378.0556,1440.3889,1395.3333,1390.2778,1383.6667,1390.2778,1396.4444,1391.4444,1388.0556,1385.3333,1387.5000,1380.2778,1388.6667,1385.8333,1384.2222,1385.2778,1388.0556,1387.5000,1374.7222,1386.9444,1386.9444,1387.5000,1386.4444,1384.7222,1382.5556,1379.1667,1384.1667,1383.6111,1387.5000,1385.8333,1389.2222,1388.0556,1385.8889,1381.9444,1610.1667,1387.0000,1385.2778,1381.9444,1385.3333,1383.6111,1378.0556,1373.0556,1375.2778,1371.3889,1379.1667,1377.5556,1375.8333,1374.7222,1366.3333,1377.0000,1376.3889,1378.6111,1376.3889,1365.8333,1373.0556,1375.2778,1380.8333,1384.7222,1381.4444,1379.1667,1381.3889,1371.9444,1381.3889,1380.3333,1379.7222,1378.6111,1382.5000,1379.1667,1377.0000,1383.0556,1380.2778,1377.5000,1379.1667,1375.2778,1615.1667,1381.3889,1385.8333,1383.6667,1391.3889,1385.3333,1384.7222,1383.1111,1382.5000,1383.6111,1378.0556,1388.1111,1385.8333,1382.5556,1384.1667,1380.2778,1381.3889,1372.5000,1380.3333,1377.5000,1383.0556,1378.0556,1382.0000,1379.7222,1373.6111"
performing set operations between randomized regions - 3d,"union, medium, native",100,2,4500400,22085.2000,22008.6850,22233.1950,523.7050,328.0794,807.3456,"benchmark,group:grid","21970.5000,21926.0000,22822.0000,22011.0000,21985.5000,21966.0000,21965.5000,22076.0000,21920.5000,21896.0000,21975.5000,24240.0000,22051.0000,21925.5000,21986.0000,21900.5000,21880.5000,21885.5000,21960.5000,21901.0000,22040.5000,21951.0000,21965.5000,21955.5000,21966.0000,21865.5000,22041.0000,21825.5000,22186.0000,21895.5000,22196.0000,21835.5000,22001.0000,21965.5000,24360.5000,22070.5000,21910.5000,21955.5000,21930.5000,21956.0000,21940.5000,22356.5000,21880.5000,22046.0000,21985.5000,21966.0000,21890.5000,22121.0000,21865.5000,21945.5000,22136.0000,21986.0000,21950.5000,22051.0000,21970.5000,21860.0000,24395.0000,21996.0000,21910.5000,22251.0000,22066.0000,21946.0000,22035.5000,21996.0000,22020.5000,21925.5000,21945.5000,21895.5000,21860.5000,21966.0000,22015.5000,21931.0000,21850.5000,21820.0000,22166.0000,21955.5000,21920.5000,21915.5000,21895.5000,25206.5000,21860.5000,22051.0000,21986.0000,22101.0000,21950.5000,21980.5000,22050.5000,21951.0000,21980.5000,21955.5000,21966.0000,21945.5000,21971.0000,21970.5000,22031.0000,22045.5000,22105.5000,21971.0000,21880.5000,21810.5000"
performing set operations between randomized regions - 3d,"intersection, medium, native",100,10,2603000,2603.0510,2594.5120,2622.4860,64.6916,36.4981,104.2301,"benchmark,group:grid","2594.7000,2593.7000,2615.8000,2589.7000,2597.8000,2593.7000,2582.7000,2600.7000,2604.8000,2600.7000,2593.8000,2588.7000,2594.7000,2594.7000,2601.7000,2573.7000,2992.5000,2572.7000,2589.7000,2588.7000,2590.7000,2595.8000,2588.7000,2596.7000,2598.8000,2593.7000,2564.7000,2597.7000,2592.7000,2592.8000,2597.7000,2589.7000,2591.7000,2586.7000,2589.7000,2584.7000,2578.7000,2593.7000,2591.8000,2586.7000,2589.7000,2591.7000,2593.8000,2587.7000,2587.7000,2569.7000,2588.7000,2602.7000,2596.7000,2592.7000,2590.7000,2588.8000,2592.7000,2598.7000,2960.4000,2594.7000,2576.7000,2601.7000,2599.8000,2595.7000,2595.7000,2601.8000,2595.7000,2601.8000,2589.7000,2572.7000,2586.7000,2590.7000,2587.7000,2592.8000,2586.7000,2591.7000,2601.7000,2597.7000,2590.7000,2575.7000,2590.7000,2593.8000,2591.7000,2592.7000,2591.7000,2595.8000,2595.7000,2599.8000,2584.7000,2600.7000,2593.7000,2594.8000,2594.7000,2598.7000,2590.8000,2593.7000,2588.7000,2950.4000,2587.7000,2570.7000,2587.7000,2597.7000,2595.7000,2593.7000"
performing set operations between randomized regions - 3d,"difference, medium, native",100,3,3407700,11389.6933,11349.0700,11480.5767,294.5873,152.3821,504.4981,"benchmark,group:grid","11334.0000,11314.3333,11681.6667,11464.3333,11284.0000,11357.6667,11341.0000,11404.3333,11317.3333,11327.6667,11264.0000,11310.6667,11297.3333,11294.0000,11364.3333,11374.3333,11317.3333,11311.0000,11377.6667,11287.3333,11394.3333,11287.3333,11404.3333,11441.0000,11347.3333,11331.0000,11297.3333,11371.0000,11274.0000,13445.0000,11310.6667,11397.6667,11417.6667,11344.3333,11417.6667,11227.3333,11364.3333,11250.6667,11344.3333,11350.6667,11448.0000,11254.0000,11354.0000,11311.0000,11374.3333,11230.6667,11401.0000,11307.3333,11317.6667,11367.3333,11337.6667,11361.0000,11314.0000,11321.0000,11391.0000,11334.0000,11351.0000,11324.3333,11304.0000,12823.6667,11321.0000,11357.3333,11478.0000,11324.0000,11361.0000,11294.0000,11387.6667,11361.0000,11494.6667,11334.0000,11354.3333,11304.0000,11357.6667,11317.6667,11320.6667,11337.6667,11310.6667,11384.3333,11321.0000,11390.6667,11240.6667,11360.6667,11274.3333,11407.6667,11300.6667,11364.3333,11280.6667,11304.0000,12720.0000,11310.6667,11404.3333,11267.6667,11340.6667,11284.3333,11260.6667,11234.0000,11327.3333,11291.0000,11310.6667,11304.3333"
performing set operations between randomized regions - 3d,"union, large, native",100,1,218514300,2186108.9500,2185078.6600,2187506.2900,6080.2155,4799.9330,8545.1497,"benchmark,group:grid","2181916.0000,2184561.0000,2186444.0000,2184421.0000,2188649.0000,2180483.0000,2190943.0000,2184962.0000,2183779.0000,2182978.0000,2185833.0000,2184520.0000,2181525.0000,2183649.0000,2183258.0000,2186114.0000,2185643.0000,2181475.0000,2180543.0000,2187506.0000,2185643.0000,2183499.0000,2196163.0000,2181125.0000,2183298.0000,2179922.0000,2181284.0000,2191344.0000,2181425.0000,2182958.0000,2182627.0000,2181315.0000,2181435.0000,2216802.0000,2183499.0000,2181014.0000,2184230.0000,2183669.0000,2199159.0000,2187536.0000,2184000.0000,2199229.0000,2182938.0000,2186364.0000,2181095.0000,2180663.0000,2185062.0000,2191204.0000,2181705.0000,2190533.0000,2181455.0000,2191263.0000,2184240.0000,2184050.0000,2190452.0000,2178990.0000,2182137.0000,2192676.0000,2182156.0000,2196102.0000,2181485.0000,2181104.0000,2179672.0000,2180443.0000,2183599.0000,2206583.0000,2182367.0000,2184350.0000,2182247.0000,2190542.0000,2200501.0000,2188819.0000,2181515.0000,2190952.0000,2186905.0000,2189009.0000,2188287.0000,2191594.0000,2187496.0000,2180934.0000,2186685.0000,2185923.0000,2182707.0000,2189369.0000,2184049.0000,2185873.0000,2189410.0000,2197746.0000,2181245.0000,2186605.0000,2199008.0000,2189250.0000,2185913.0000,2181926.0000,2183690.0000,2183298.0000,2180333.0000,2189430.0000,2186966.0000,2179602.0000"
performing set operations between randomized regions - 3d,"intersection, large, native",100,2,3076200,15002.6600,14952.8550,15123.7650,387.0127,204.2388,641.3906,"benchmark,group:grid","14882.0000,14937.5000,15097.5000,14922.5000,14912.0000,14922.5000,14927.5000,14927.0000,14947.0000,14957.5000,16956.0000,14952.0000,14897.5000,14952.5000,14917.0000,15002.0000,15017.5000,14972.0000,14937.0000,14942.5000,14927.5000,14952.5000,14947.0000,14917.5000,14927.5000,14877.0000,14932.5000,14902.5000,14882.0000,14982.5000,14967.5000,14937.5000,14952.5000,14972.5000,14942.0000,14897.5000,14967.5000,14962.5000,14937.5000,14957.0000,14977.5000,14907.5000,14932.5000,17056.0000,15037.5000,14982.5000,14932.0000,14932.5000,14942.5000,14897.0000,14922.0000,14942.5000,14902.5000,14942.0000,14902.5000,14932.5000,14992.5000,14952.5000,14927.0000,14962.5000,14987.5000,14907.5000,14902.0000,14907.5000,14947.5000,14947.5000,14897.0000,14907.5000,14882.5000,14937.0000,14897.5000,14902.5000,14932.0000,14882.5000,14942.5000,14932.0000,17527.5000,14947.5000,15042.5000,14917.5000,14942.0000,14932.0000,14917.5000,14877.0000,14932.5000,14962.5000,14917.5000,14907.0000,14912.5000,14902.5000,14922.0000,14922.5000,14877.5000,14952.5000,14947.0000,14957.5000,14947.5000,14872.0000,14912.0000,14907.5000"
performing set operations between randomized regions - 3d,"difference, large, native",100,1,650838400,6502635.4600,6462824.8200,6583887.7800,275916.5930,151781.7073,436452.6515,"benchmark,group:grid","6437136.0000,6442866.0000,6609102.0000,7363432.0000,6443518.0000,6461582.0000,6449198.0000,6462704.0000,6478594.0000,6460380.0000,6428279.0000,6447505.0000,6430272.0000,6478705.0000,6470929.0000,6448758.0000,6423209.0000,6442285.0000,6424482.0000,6464948.0000,6450481.0000,6441824.0000,6436595.0000,6444960.0000,8145555.0000,6421916.0000,6446984.0000,6430603.0000,6414091.0000,6415555.0000,6456843.0000,6449068.0000,6423489.0000,6417458.0000,6402770.0000,6464638.0000,6422648.0000,6466421.0000,6427758.0000,7813295.0000,6423730.0000,6425403.0000,6558586.0000,6441965.0000,6439209.0000,6463045.0000,6429411.0000,6481059.0000,6427757.0000,6454068.0000,6431505.0000,6414172.0000,6457464.0000,6432126.0000,6410555.0000,6455631.0000,6394514.0000,6416456.0000,6429821.0000,6468315.0000,6468385.0000,6526204.0000,6431705.0000,6452365.0000,6424632.0000,6496448.0000,7927040.0000,6679936.0000,6434610.0000,6451343.0000,6443688.0000,6409603.0000,6479917.0000,6438047.0000,6437837.0000,6454108.0000,6472181.0000,6423439.0000,6424562.0000,6438157.0000,6436875.0000,6451984.0000,6430984.0000,6434560.0000,6433478.0000,6432898.0000,6449719.0000,6477071.0000,6428820.0000,6406557.0000,6460791.0000,6425403.0000,6424552.0000,6482662.0000,6408100.0000,6448667.0000,6456622.0000,6456683.0000,6457704.0000,6429581.0000"
"normalizing a fully mergeable, complex tiling of boxes - 2d","small, native",100,13,2542800,2214.8431,2205.9123,2235.0500,65.4054,35.9963,104.1824,"benchmark,group:grid","2194.0769,2200.9231,2318.0769,2231.0000,2206.3846,2204.0000,2211.7692,2215.6154,2211.6923,2210.2308,2554.6923,2214.8462,2214.7692,2219.3846,2210.2308,2204.7692,2207.1538,2218.6923,2207.8462,2208.6923,2214.0769,2210.1538,2210.2308,2195.5385,2203.2308,2204.0769,2200.1538,2209.4615,2196.3077,2200.9231,2199.3846,2197.0769,2200.9231,2191.6923,2198.6154,2200.1538,2200.2308,2203.2308,2210.2308,2199.3846,2209.4615,2210.1538,2207.9231,2200.1538,2201.7692,2585.4615,2199.4615,2193.2308,2200.9231,2204.0769,2216.3077,2200.9231,2196.3077,2201.7692,2202.4615,2204.0000,2204.0769,2211.6923,2200.9231,2191.6923,2190.9231,2195.5385,2199.4615,2198.6154,2193.2308,2200.2308,2200.9231,2200.9231,2197.1538,2193.2308,2203.2308,2201.0000,2204.0000,2207.9231,2201.6923,2207.1538,2195.5385,2197.8462,2200.1538,2594.7692,2200.9231,2204.7692,2201.7692,2197.0769,2197.0769,2200.2308,2201.6923,2194.0000,2201.0000,2190.1538,2190.9231,2197.8462,2204.0769,2199.3846,2192.4615,2190.9231,2196.3846,2194.7692,2199.3846,2193.2308"
"normalizing a fully mergeable, complex tiling of boxes - 2d","small, embedded in 3d",100,10,2628000,2583.4930,2572.8280,2607.7760,79.6940,41.8581,130.2126,"benchmark,group:grid","2973.5000,2568.7000,2661.8000,2561.7000,2579.7000,2589.7000,2570.7000,2583.7000,2574.7000,2564.7000,2571.7000,2568.7000,2561.6000,2578.7000,2567.7000,2581.7000,2578.7000,2576.7000,2565.7000,2569.7000,2569.7000,2556.6000,2566.7000,3037.6000,2575.7000,2564.6000,2575.7000,2578.7000,2581.7000,2562.6000,2575.7000,2556.7000,2561.6000,2582.7000,2559.6000,2573.7000,2579.7000,2569.7000,2572.7000,2570.7000,2553.6000,2570.7000,2565.7000,2568.7000,2567.7000,2574.7000,2563.6000,2563.7000,2572.7000,2552.6000,2558.6000,2575.7000,2572.7000,2564.7000,2566.7000,2562.6000,2565.7000,2558.7000,2553.6000,2581.7000,2578.7000,3076.7000,2588.7000,2574.7000,2571.7000,2562.6000,2575.6000,2565.6000,2546.7000,2571.6000,2565.6000,2567.7000,2574.7000,2560.7000,2569.7000,2565.6000,2569.7000,2554.7000,2562.6000,2576.6000,2575.7000,2572.7000,2566.7000,2573.7000,2569.7000,2555.6000,2553.7000,2572.7000,2567.7000,2567.6000,2569.6000,2569.7000,2566.7000,2555.7000,2558.6000,2558.7000,2570.7000,2562.6000,2567.7000,2576.7000"
"normalizing a fully mergeable, complex tiling of boxes - 2d","large, native",100,1,155972300,1547194.6500,1546478.7900,1548098.7600,4074.6563,3158.9757,5720.8471,"benchmark,group:grid","1548495.0000,1541972.0000,1548335.0000,1542152.0000,1550067.0000,1549978.0000,1542714.0000,1549687.0000,1541741.0000,1549036.0000,1545710.0000,1551580.0000,1564525.0000,1551310.0000,1545269.0000,1548384.0000,1548575.0000,1541422.0000,1545398.0000,1545809.0000,1547323.0000,1543384.0000,1550889.0000,1546551.0000,1549376.0000,1545209.0000,1549877.0000,1546922.0000,1541301.0000,1546441.0000,1548414.0000,1548585.0000,1546281.0000,1550759.0000,1543585.0000,1548525.0000,1549156.0000,1543856.0000,1550288.0000,1540640.0000,1546130.0000,1542273.0000,1550869.0000,1542042.0000,1547463.0000,1543085.0000,1550398.0000,1549086.0000,1542182.0000,1551881.0000,1547603.0000,1547072.0000,1545809.0000,1547573.0000,1548565.0000,1551370.0000,1540971.0000,1548374.0000,1551901.0000,1544828.0000,1546561.0000,1545499.0000,1548956.0000,1541221.0000,1549065.0000,1545438.0000,1547903.0000,1543946.0000,1550509.0000,1549025.0000,1541522.0000,1549036.0000,1546531.0000,1550077.0000,1544728.0000,1549406.0000,1542584.0000,1566779.0000,1544798.0000,1552342.0000,1550759.0000,1542784.0000,1550508.0000,1542774.0000,1547293.0000,1545308.0000,1547122.0000,1545669.0000,1549847.0000,1549587.0000,1542072.0000,1549787.0000,1546540.0000,1546090.0000,1543866.0000,1548094.0000,1542843.0000,1550628.0000,1544598.0000,1548374.0000"
"normalizing a fully mergeable, complex tiling of boxes - 2d","large, embedded in 3d",100,1,174174100,1755631.1000,1742079.1600,1790814.3600,97489.3294,6480.4901,193681.1235,"benchmark,group:grid","1759445.0000,1736281.0000,1781898.0000,1741290.0000,1742092.0000,1740449.0000,1737473.0000,1741711.0000,1743835.0000,1744456.0000,1738575.0000,1739717.0000,1742563.0000,1743324.0000,1737653.0000,1743485.0000,1740749.0000,1742543.0000,1738946.0000,1740348.0000,1742844.0000,1740849.0000,1738565.0000,1743094.0000,1739978.0000,1742913.0000,1737914.0000,1745048.0000,1745258.0000,1744767.0000,1737202.0000,1744146.0000,1741360.0000,1737684.0000,1743635.0000,1742332.0000,1740168.0000,1735409.0000,1739738.0000,1742833.0000,1743615.0000,1737904.0000,1743795.0000,1761909.0000,1742503.0000,1735950.0000,1743314.0000,1741932.0000,1742081.0000,1735639.0000,1742873.0000,1740579.0000,1742493.0000,1737844.0000,1744326.0000,1741511.0000,1745438.0000,1736471.0000,1739407.0000,1742312.0000,1738255.0000,1742472.0000,1742703.0000,1740489.0000,1737934.0000,1741631.0000,1742222.0000,1743254.0000,1736832.0000,1741240.0000,1743505.0000,1742813.0000,1739206.0000,1745478.0000,1744356.0000,1742292.0000,1739637.0000,1742433.0000,2556957.0000,2291444.0000,1744095.0000,1737724.0000,1741020.0000,1743274.0000,1741691.0000,1736541.0000,1741972.0000,1741581.0000,1740789.0000,1740068.0000,1741601.0000,1742993.0000,1744115.0000,1737694.0000,1741691.0000,1742112.0000,1743244.0000,1739116.0000,1739417.0000,1742753.0000"
benchmark independent task pattern with N tasks - 100,task generation,100,1,726864000,7540632.7900,7414512.1000,7786517.5900,853406.5789,467480.9406,1281241.0533,"benchmark,group:system,indep-tasks","7189172.0000,7410902.0000,7560385.0000,7220902.0000,7240700.0000,7594440.0000,7215160.0000,7383029.0000,7237734.0000,7261509.0000,7424789.0000,7775173.0000,7502786.0000,7421953.0000,7238084.0000,7480975.0000,7228476.0000,7193119.0000,7479603.0000,7407045.0000,7249596.0000,7565765.0000,7438424.0000,7237363.0000,7426823.0000,7549495.0000,7230079.0000,7165897.0000,7423867.0000,7229558.0000,7161940.0000,7335659.0000,7231883.0000,7197417.0000,7371747.0000,7250457.0000,7390514.0000,7516252.0000,7428646.0000,7419839.0000,7268862.0000,7389511.0000,7256288.0000,7417344.0000,7431011.0000,7387768.0000,7376878.0000,7483029.0000,7402767.0000,7440659.0000,7291135.0000,7398559.0000,7296635.0000,7279382.0000,7503898.0000,7293640.0000,7320421.0000,7356609.0000,7311454.0000,7316133.0000,7509309.0000,7248474.0000,7237253.0000,7263463.0000,7304120.0000,7256379.0000,7266267.0000,11928189.0000,11895787.0000,11782362.0000,11018684.0000,7403308.0000,7758862.0000,7419669.0000,7330119.0000,7497306.0000,7427213.0000,7577638.0000,7480303.0000,7524597.0000,7425379.0000,7522283.0000,7570735.0000,7531300.0000,7486185.0000,7544616.0000,7247513.0000,7241040.0000,7233155.0000,7360206.0000,7574582.0000,7610371.0000,7444796.0000,7211324.0000,7233506.0000,7210282.0000,7282799.0000,7228035.0000,7243805.0000,7222925.0000"
benchmark independent task pattern with N tasks - 1000,task generation,100,1,11850543300,92797702.8500,92203297.1700,93854871.3800,3945194.4153,2545763.4949,6537314.2513,"benchmark,group:system,indep-tasks","92733367.0000,92989953.0000,93357220.0000,93065958.0000,92615433.0000,92333398.0000,92840050.0000,91871332.0000,92806656.0000,91699486.0000,93027906.0000,91489809.0000,90796594.0000,92021828.0000,91442760.0000,91604225.0000,91442489.0000,91619365.0000,93777898.0000,90881064.0000,91607963.0000,92806777.0000,88739302.0000,91589799.0000,91492704.0000,90979821.0000,91628342.0000,91516369.0000,88334405.0000,91165684.0000,91110639.0000,88251818.0000,91202885.0000,92125324.0000,87191147.0000,90928805.0000,90787807.0000,91144875.0000,91134034.0000,87628726.0000,92082583.0000,91270623.0000,95544338.0000,91771092.0000,92823608.0000,91621989.0000,91997411.0000,90390534.0000,87912495.0000,106280537.0000,108186382.0000,92959175.0000,92236945.0000,92446974.0000,92692710.0000,92511786.0000,92674335.0000,93375735.0000,93646799.0000,93299341.0000,92704232.0000,93473310.0000,92138158.0000,92457474.0000,91476133.0000,91583226.0000,91520316.0000,91645815.0000,92596397.0000,91868547.0000,92496147.0000,92491438.0000,91870390.0000,93386425.0000,92758575.0000,93340819.0000,91481122.0000,93512355.0000,92742544.0000,92944998.0000,92563425.0000,102425507.0000,93854293.0000,93603657.0000,93529056.0000,95217227.0000,99922220.0000,92293783.0000,91211781.0000,91160184.0000,89304123.0000,91724584.0000,91703123.0000,88996500.0000,92937204.0000,118575303.0000,100614843.0000,93323536.0000,93709639.0000,93102467.0000"
benchmark independent task pattern with N tasks - 5000,task generation,100,1,44838299000,468012944.5200,465788765.5100,470777861.4700,12688034.0304,10257562.0715,15954175.8394,"benchmark,group:system,indep-tasks","471128250.0000,466206556.0000,466866991.0000,515119296.0000,468590699.0000,491534219.0000,472247274.0000,465244495.0000,450610352.0000,456064365.0000,459803606.0000,450448145.0000,470039998.0000,475756649.0000,462356567.0000,450510773.0000,468433251.0000,470087899.0000,476312242.0000,468185391.0000,457852225.0000,456809287.0000,461298140.0000,464440519.0000,461655728.0000,450242063.0000,460472203.0000,465167407.0000,460424723.0000,459692094.0000,461839305.0000,473988535.0000,467970252.0000,481004550.0000,455634980.0000,477187893.0000,470381014.0000,471963254.0000,476091343.0000,451848118.0000,463575287.0000,458319931.0000,464636009.0000,460547446.0000,462267598.0000,465943018.0000,463297862.0000,461149688.0000,460816997.0000,461148575.0000,465597332.0000,468007313.0000,466969344.0000,469358244.0000,457437888.0000,467723174.0000,462439002.0000,458394703.0000,461641280.0000,465051577.0000,464147963.0000,467124779.0000,461691244.0000,461404430.0000,452490536.0000,511819096.0000,494662330.0000,470444915.0000,471493203.0000,472351771.0000,480180076.0000,497939004.0000,472328586.0000,467165455.0000,470871844.0000,472063774.0000,474877640.0000,467615288.0000,462939992.0000,453133936.0000,471024944.0000,480166520.0000,448680701.0000,469946680.0000,472338625.0000,470839402.0000,492161928.0000,462050455.0000,464429076.0000,465138621.0000,463420022.0000,470508835.0000,448555663.0000,471839939.0000,488238518.0000,499162463.0000,465394767.0000,443648518.0000,508446810.0000,472723184.0000"
benchmark stencil pattern with N time steps - 50,iterations,100,1,627321100,6181651.3300,6108835.1400,6525189.7300,696957.8822,47391.3711,1659975.9096,"benchmark,group:system,stencil","6121417.0000,6076391.0000,6187712.0000,6141936.0000,6173786.0000,6193042.0000,6082443.0000,6094746.0000,13098839.0000,6112690.0000,6080499.0000,6060001.0000,6076161.0000,6080569.0000,6071642.0000,6150903.0000,6100467.0000,6107510.0000,6057936.0000,6052767.0000,6040673.0000,6165761.0000,6141505.0000,6016207.0000,6061142.0000,6042387.0000,6058347.0000,6078014.0000,6038239.0000,6105076.0000,6070560.0000,6037077.0000,6055852.0000,6169287.0000,6094195.0000,6134541.0000,6079357.0000,6078365.0000,6131256.0000,6159870.0000,6113772.0000,6064399.0000,6098032.0000,6112950.0000,6185057.0000,6190627.0000,6222658.0000,6124252.0000,6137728.0000,6088164.0000,6164118.0000,6103022.0000,6132017.0000,6135574.0000,6162945.0000,6102160.0000,6095488.0000,6074247.0000,6054641.0000,6126035.0000,6183645.0000,6058418.0000,6088554.0000,6178084.0000,6080980.0000,6050002.0000,6152145.0000,6110486.0000,6201569.0000,6095107.0000,6069197.0000,6077183.0000,6083705.0000,6253778.0000,6156103.0000,6087142.0000,6164779.0000,6211177.0000,6216187.0000,6091690.0000,6169437.0000,6009845.0000,6126466.0000,6138108.0000,6155221.0000,6068686.0000,6118691.0000,6180820.0000,6130243.0000,6088524.0000,6119884.0000,6126627.0000,6064559.0000,6098974.0000,6075079.0000,6078896.0000,6049681.0000,6176341.0000,6105016.0000,6107050.0000"
benchmark stencil pattern with N time steps - 1000,iterations,100,1,13758960300,131706058.3500,131070743.2000,132335838.7600,3237326.0582,2895099.0348,3936112.3189,"benchmark,group:system,stencil","133628469.0000,135101973.0000,135425808.0000,134950667.0000,132367358.0000,132117865.0000,126018498.0000,126670735.0000,126879221.0000,127623802.0000,126589330.0000,126607826.0000,126554785.0000,128218239.0000,126770704.0000,127643069.0000,132859801.0000,127038633.0000,126765284.0000,128995623.0000,135167848.0000,135196042.0000,132830285.0000,132762237.0000,131441011.0000,134351700.0000,134134760.0000,134416073.0000,131960035.0000,129588638.0000,132845455.0000,131474234.0000,124889136.0000,131779312.0000,134795282.0000,134468642.0000,133853897.0000,134424098.0000,133207160.0000,129875111.0000,134336843.0000,134408158.0000,134530239.0000,131485045.0000,128234581.0000,130416638.0000,126357811.0000,128343016.0000,134849745.0000,132019939.0000,133456944.0000,134291486.0000,135849030.0000,130857545.0000,132452659.0000,133018703.0000,132238113.0000,133919662.0000,133471571.0000,143230779.0000,132600720.0000,132594559.0000,133470299.0000,136287131.0000,132368189.0000,133024133.0000,135212262.0000,136168286.0000,126992374.0000,128239209.0000,134101706.0000,133325385.0000,133139131.0000,133974595.0000,131096197.0000,127428171.0000,129952057.0000,131927814.0000,134606634.0000,135004759.0000,128986015.0000,126444886.0000,128097561.0000,126040349.0000,126244977.0000,130772614.0000,134448564.0000,131899330.0000,133744730.0000,134198480.0000,132785751.0000,128630161.0000,130324523.0000,133715234.0000,133764868.0000,134151982.0000,129591494.0000,133822677.0000,133427307.0000,127943568.0000"
